Time,CORE_BOTTOM:GUANGZHOU ANN HTG 99.6% CONDNS DB:Des Heat Load [W],CORE_BOTTOM:GUANGZHOU ANN CLG .4% CONDNS DP=>MDB:Des Sens Cool Load [W],CORE_BOTTOM:GUANGZHOU ANN HTG 99.6% CONDNS DB:Des Heat Mass Flow [kg/s],CORE_BOTTOM:GUANGZHOU ANN CLG .4% CONDNS DP=>MDB:Des Cool Mass Flow [kg/s],CORE_MID:GUANGZHOU ANN HTG 99.6% CONDNS DB:Des Heat Load [W],CORE_MID:GUANGZHOU ANN CLG .4% CONDNS DB=>MWB:Des Sens Cool Load [W],CORE_MID:GUANGZHOU ANN HTG 99.6% CONDNS DB:Des Heat Mass Flow [kg/s],CORE_MID:GUANGZHOU ANN CLG .4% CONDNS DB=>MWB:Des Cool Mass Flow [kg/s],CORE_TOP:GUANGZHOU ANN HTG 99.6% CONDNS DB:Des Heat Load [W],CORE_TOP:GUANGZHOU ANN CLG .4% CONDNS DB=>MWB:Des Sens Cool Load [W],CORE_TOP:GUANGZHOU ANN HTG 99.6% CONDNS DB:Des Heat Mass Flow [kg/s],CORE_TOP:GUANGZHOU ANN CLG .4% CONDNS DB=>MWB:Des Cool Mass Flow [kg/s],PERIMETER_TOP_ZN_3:GUANGZHOU ANN HTG 99.6% CONDNS DB:Des Heat Load [W],PERIMETER_TOP_ZN_3:GUANGZHOU ANN CLG .4% CONDNS DB=>MWB:Des Sens Cool Load [W],PERIMETER_TOP_ZN_3:GUANGZHOU ANN HTG 99.6% CONDNS DB:Des Heat Mass Flow [kg/s],PERIMETER_TOP_ZN_3:GUANGZHOU ANN CLG .4% CONDNS DB=>MWB:Des Cool Mass Flow [kg/s],PERIMETER_TOP_ZN_2:GUANGZHOU ANN HTG 99.6% CONDNS DB:Des Heat Load [W],PERIMETER_TOP_ZN_2:GUANGZHOU ANN CLG .4% CONDNS DB=>MWB:Des Sens Cool Load [W],PERIMETER_TOP_ZN_2:GUANGZHOU ANN HTG 99.6% CONDNS DB:Des Heat Mass Flow [kg/s],PERIMETER_TOP_ZN_2:GUANGZHOU ANN CLG .4% CONDNS DB=>MWB:Des Cool Mass Flow [kg/s],PERIMETER_TOP_ZN_1:GUANGZHOU ANN HTG 99.6% CONDNS DB:Des Heat Load [W],PERIMETER_TOP_ZN_1:GUANGZHOU ANN CLG .4% CONDNS DB=>MWB:Des Sens Cool Load [W],PERIMETER_TOP_ZN_1:GUANGZHOU ANN HTG 99.6% CONDNS DB:Des Heat Mass Flow [kg/s],PERIMETER_TOP_ZN_1:GUANGZHOU ANN CLG .4% CONDNS DB=>MWB:Des Cool Mass Flow [kg/s],PERIMETER_TOP_ZN_4:GUANGZHOU ANN HTG 99.6% CONDNS DB:Des Heat Load [W],PERIMETER_TOP_ZN_4:GUANGZHOU ANN CLG .4% CONDNS DB=>MWB:Des Sens Cool Load [W],PERIMETER_TOP_ZN_4:GUANGZHOU ANN HTG 99.6% CONDNS DB:Des Heat Mass Flow [kg/s],PERIMETER_TOP_ZN_4:GUANGZHOU ANN CLG .4% CONDNS DB=>MWB:Des Cool Mass Flow [kg/s],PERIMETER_BOT_ZN_3:GUANGZHOU ANN HTG 99.6% CONDNS DB:Des Heat Load [W],PERIMETER_BOT_ZN_3:GUANGZHOU ANN CLG .4% CONDNS DB=>MWB:Des Sens Cool Load [W],PERIMETER_BOT_ZN_3:GUANGZHOU ANN HTG 99.6% CONDNS DB:Des Heat Mass Flow [kg/s],PERIMETER_BOT_ZN_3:GUANGZHOU ANN CLG .4% CONDNS DB=>MWB:Des Cool Mass Flow [kg/s],PERIMETER_BOT_ZN_2:GUANGZHOU ANN HTG 99.6% CONDNS DB:Des Heat Load [W],PERIMETER_BOT_ZN_2:GUANGZHOU ANN CLG .4% CONDNS DB=>MWB:Des Sens Cool Load [W],PERIMETER_BOT_ZN_2:GUANGZHOU ANN HTG 99.6% CONDNS DB:Des Heat Mass Flow [kg/s],PERIMETER_BOT_ZN_2:GUANGZHOU ANN CLG .4% CONDNS DB=>MWB:Des Cool Mass Flow [kg/s],PERIMETER_BOT_ZN_1:GUANGZHOU ANN HTG 99.6% CONDNS DB:Des Heat Load [W],PERIMETER_BOT_ZN_1:GUANGZHOU ANN CLG .4% CONDNS DB=>MWB:Des Sens Cool Load [W],PERIMETER_BOT_ZN_1:GUANGZHOU ANN HTG 99.6% CONDNS DB:Des Heat Mass Flow [kg/s],PERIMETER_BOT_ZN_1:GUANGZHOU ANN CLG .4% CONDNS DB=>MWB:Des Cool Mass Flow [kg/s],PERIMETER_BOT_ZN_4:GUANGZHOU ANN HTG 99.6% CONDNS DB:Des Heat Load [W],PERIMETER_BOT_ZN_4:GUANGZHOU ANN CLG .4% CONDNS DB=>MWB:Des Sens Cool Load [W],PERIMETER_BOT_ZN_4:GUANGZHOU ANN HTG 99.6% CONDNS DB:Des Heat Mass Flow [kg/s],PERIMETER_BOT_ZN_4:GUANGZHOU ANN CLG .4% CONDNS DB=>MWB:Des Cool Mass Flow [kg/s],PERIMETER_MID_ZN_3:GUANGZHOU ANN HTG 99.6% CONDNS DB:Des Heat Load [W],PERIMETER_MID_ZN_3:GUANGZHOU ANN CLG .4% CONDNS DB=>MWB:Des Sens Cool Load [W],PERIMETER_MID_ZN_3:GUANGZHOU ANN HTG 99.6% CONDNS DB:Des Heat Mass Flow [kg/s],PERIMETER_MID_ZN_3:GUANGZHOU ANN CLG .4% CONDNS DB=>MWB:Des Cool Mass Flow [kg/s],PERIMETER_MID_ZN_2:GUANGZHOU ANN HTG 99.6% CONDNS DB:Des Heat Load [W],PERIMETER_MID_ZN_2:GUANGZHOU ANN CLG .4% CONDNS DB=>MWB:Des Sens Cool Load [W],PERIMETER_MID_ZN_2:GUANGZHOU ANN HTG 99.6% CONDNS DB:Des Heat Mass Flow [kg/s],PERIMETER_MID_ZN_2:GUANGZHOU ANN CLG .4% CONDNS DB=>MWB:Des Cool Mass Flow [kg/s],PERIMETER_MID_ZN_1:GUANGZHOU ANN HTG 99.6% CONDNS DB:Des Heat Load [W],PERIMETER_MID_ZN_1:GUANGZHOU ANN CLG .4% CONDNS DB=>MWB:Des Sens Cool Load [W],PERIMETER_MID_ZN_1:GUANGZHOU ANN HTG 99.6% CONDNS DB:Des Heat Mass Flow [kg/s],PERIMETER_MID_ZN_1:GUANGZHOU ANN CLG .4% CONDNS DB=>MWB:Des Cool Mass Flow [kg/s],PERIMETER_MID_ZN_4:GUANGZHOU ANN HTG 99.6% CONDNS DB:Des Heat Load [W],PERIMETER_MID_ZN_4:GUANGZHOU ANN CLG .4% CONDNS DB=>MWB:Des Sens Cool Load [W],PERIMETER_MID_ZN_4:GUANGZHOU ANN HTG 99.6% CONDNS DB:Des Heat Mass Flow [kg/s],PERIMETER_MID_ZN_4:GUANGZHOU ANN CLG .4% CONDNS DB=>MWB:Des Cool Mass Flow [kg/s]
00:15:00,0.000000E+00,1.790311E+04,0.000000E+00,1.262881E+00,0.000000E+00,6.474660E+03,0.000000E+00,4.568036E-01,0.000000E+00,6.856452E+03,0.000000E+00,4.835748E-01,0.000000E+00,1.599857E+03,0.000000E+00,1.128127E-01,0.000000E+00,1.071981E+03,0.000000E+00,7.559898E-02,0.000000E+00,1.607418E+03,0.000000E+00,1.133475E-01,0.000000E+00,1.184696E+03,0.000000E+00,8.355463E-02,0.000000E+00,7.527785E+02,0.000000E+00,5.311569E-02,0.000000E+00,5.131123E+02,0.000000E+00,3.621594E-02,0.000000E+00,7.691998E+02,0.000000E+00,5.427872E-02,0.000000E+00,5.999883E+02,0.000000E+00,4.235164E-02,0.000000E+00,1.524069E+03,0.000000E+00,1.074511E-01,0.000000E+00,1.024554E+03,0.000000E+00,7.224625E-02,0.000000E+00,1.531116E+03,0.000000E+00,1.079471E-01,0.000000E+00,1.141867E+03,0.000000E+00,8.053171E-02
00:30:00,0.000000E+00,1.856753E+04,0.000000E+00,1.309047E+00,0.000000E+00,7.198605E+03,0.000000E+00,5.077197E-01,0.000000E+00,7.598127E+03,0.000000E+00,5.357646E-01,0.000000E+00,1.762352E+03,0.000000E+00,1.242420E-01,0.000000E+00,1.177678E+03,0.000000E+00,8.302879E-02,0.000000E+00,1.770077E+03,0.000000E+00,1.247869E-01,0.000000E+00,1.299032E+03,0.000000E+00,9.159182E-02,0.000000E+00,8.890296E+02,0.000000E+00,6.272039E-02,0.000000E+00,6.012899E+02,0.000000E+00,4.242911E-02,0.000000E+00,9.078786E+02,0.000000E+00,6.405456E-02,0.000000E+00,6.834420E+02,0.000000E+00,4.822907E-02,0.000000E+00,1.685587E+03,0.000000E+00,1.188252E-01,0.000000E+00,1.128802E+03,0.000000E+00,7.957821E-02,0.000000E+00,1.692694E+03,0.000000E+00,1.193235E-01,0.000000E+00,1.251963E+03,0.000000E+00,8.827024E-02
00:45:00,0.000000E+00,1.897869E+04,0.000000E+00,1.337809E+00,0.000000E+00,7.696272E+03,0.000000E+00,5.425268E-01,0.000000E+00,8.086864E+03,0.000000E+00,5.700533E-01,0.000000E+00,1.874076E+03,0.000000E+00,1.321119E-01,0.000000E+00,1.249652E+03,0.000000E+00,8.809381E-02,0.000000E+00,1.882854E+03,0.000000E+00,1.327307E-01,0.000000E+00,1.369338E+03,0.000000E+00,9.653109E-02,0.000000E+00,1.003423E+03,0.000000E+00,7.073436E-02,0.000000E+00,6.703459E+02,0.000000E+00,4.725514E-02,0.000000E+00,1.021295E+03,0.000000E+00,7.199438E-02,0.000000E+00,7.492969E+02,0.000000E+00,5.282117E-02,0.000000E+00,1.796485E+03,0.000000E+00,1.266410E-01,0.000000E+00,1.200083E+03,0.000000E+00,8.459842E-02,0.000000E+00,1.803283E+03,0.000000E+00,1.271200E-01,0.000000E+00,1.321000E+03,0.000000E+00,9.312240E-02
01:00:00,0.000000E+00,1.922721E+04,0.000000E+00,1.355314E+00,0.000000E+00,7.926095E+03,0.000000E+00,5.587105E-01,0.000000E+00,8.311649E+03,0.000000E+00,5.858875E-01,0.000000E+00,1.930609E+03,0.000000E+00,1.360981E-01,0.000000E+00,1.286858E+03,0.000000E+00,9.071730E-02,0.000000E+00,1.940190E+03,0.000000E+00,1.367736E-01,0.000000E+00,1.403067E+03,0.000000E+00,9.890953E-02,0.000000E+00,1.053725E+03,0.000000E+00,7.427933E-02,0.000000E+00,7.022463E+02,0.000000E+00,4.950291E-02,0.000000E+00,1.071465E+03,0.000000E+00,7.552984E-02,0.000000E+00,7.816943E+02,0.000000E+00,5.510342E-02,0.000000E+00,1.851329E+03,0.000000E+00,1.305077E-01,0.000000E+00,1.236049E+03,0.000000E+00,8.713437E-02,0.000000E+00,1.858501E+03,0.000000E+00,1.310133E-01,0.000000E+00,1.354166E+03,0.000000E+00,9.546094E-02
01:15:00,0.000000E+00,1.940807E+04,0.000000E+00,1.368058E+00,0.000000E+00,8.135733E+03,0.000000E+00,5.734855E-01,0.000000E+00,8.539524E+03,0.000000E+00,6.019482E-01,0.000000E+00,1.984419E+03,0.000000E+00,1.398923E-01,0.000000E+00,1.320686E+03,0.000000E+00,9.310256E-02,0.000000E+00,1.994553E+03,0.000000E+00,1.406067E-01,0.000000E+00,1.432423E+03,0.000000E+00,1.009795E-01,0.000000E+00,1.069629E+03,0.000000E+00,7.540073E-02,0.000000E+00,7.144344E+02,0.000000E+00,5.036229E-02,0.000000E+00,1.088498E+03,0.000000E+00,7.673087E-02,0.000000E+00,7.955393E+02,0.000000E+00,5.607953E-02,0.000000E+00,1.904476E+03,0.000000E+00,1.342548E-01,0.000000E+00,1.269666E+03,0.000000E+00,8.950457E-02,0.000000E+00,1.912578E+03,0.000000E+00,1.348260E-01,0.000000E+00,1.383272E+03,0.000000E+00,9.751318E-02
01:30:00,0.000000E+00,1.955928E+04,0.000000E+00,1.378710E+00,0.000000E+00,8.313750E+03,0.000000E+00,5.860321E-01,0.000000E+00,8.719785E+03,0.000000E+00,6.146528E-01,0.000000E+00,2.022341E+03,0.000000E+00,1.425664E-01,0.000000E+00,1.344408E+03,0.000000E+00,9.477542E-02,0.000000E+00,2.033053E+03,0.000000E+00,1.433215E-01,0.000000E+00,1.451911E+03,0.000000E+00,1.023539E-01,0.000000E+00,1.097278E+03,0.000000E+00,7.735003E-02,0.000000E+00,7.329871E+02,0.000000E+00,5.167025E-02,0.000000E+00,1.116523E+03,0.000000E+00,7.870664E-02,0.000000E+00,8.114339E+02,0.000000E+00,5.720014E-02,0.000000E+00,1.941824E+03,0.000000E+00,1.368882E-01,0.000000E+00,1.293031E+03,0.000000E+00,9.115209E-02,0.000000E+00,1.950547E+03,0.000000E+00,1.375032E-01,0.000000E+00,1.402472E+03,0.000000E+00,9.886706E-02
01:45:00,0.000000E+00,1.969122E+04,0.000000E+00,1.388004E+00,0.000000E+00,8.466270E+03,0.000000E+00,5.967813E-01,0.000000E+00,8.875572E+03,0.000000E+00,6.256321E-01,0.000000E+00,2.053138E+03,0.000000E+00,1.447380E-01,0.000000E+00,1.363307E+03,0.000000E+00,9.610802E-02,0.000000E+00,2.064392E+03,0.000000E+00,1.455314E-01,0.000000E+00,1.466544E+03,0.000000E+00,1.033858E-01,0.000000E+00,1.114855E+03,0.000000E+00,7.858927E-02,0.000000E+00,7.452540E+02,0.000000E+00,5.253510E-02,0.000000E+00,1.134726E+03,0.000000E+00,7.999002E-02,0.000000E+00,8.212078E+02,0.000000E+00,5.788927E-02,0.000000E+00,1.972341E+03,0.000000E+00,1.390400E-01,0.000000E+00,1.311796E+03,0.000000E+00,9.247519E-02,0.000000E+00,1.981702E+03,0.000000E+00,1.396999E-01,0.000000E+00,1.417007E+03,0.000000E+00,9.989196E-02
02:00:00,0.000000E+00,1.980857E+04,0.000000E+00,1.396271E+00,0.000000E+00,8.604511E+03,0.000000E+00,6.065240E-01,0.000000E+00,9.014614E+03,0.000000E+00,6.354312E-01,0.000000E+00,2.078422E+03,0.000000E+00,1.465207E-01,0.000000E+00,1.378494E+03,0.000000E+00,9.717895E-02,0.000000E+00,2.090182E+03,0.000000E+00,1.473498E-01,0.000000E+00,1.477527E+03,0.000000E+00,1.041603E-01,0.000000E+00,1.130149E+03,0.000000E+00,7.966754E-02,0.000000E+00,7.551554E+02,0.000000E+00,5.323317E-02,0.000000E+00,1.150382E+03,0.000000E+00,8.109380E-02,0.000000E+00,8.283808E+02,0.000000E+00,5.839501E-02,0.000000E+00,1.997755E+03,0.000000E+00,1.408317E-01,0.000000E+00,1.327104E+03,0.000000E+00,9.355450E-02,0.000000E+00,2.007706E+03,0.000000E+00,1.415333E-01,0.000000E+00,1.428128E+03,0.000000E+00,1.006761E-01
02:15:00,0.000000E+00,1.992853E+04,0.000000E+00,1.404723E+00,0.000000E+00,8.745929E+03,0.000000E+00,6.164906E-01,0.000000E+00,9.154373E+03,0.000000E+00,6.452807E-01,0.000000E+00,2.102469E+03,0.000000E+00,1.482162E-01,0.000000E+00,1.392747E+03,0.000000E+00,9.818384E-02,0.000000E+00,2.114703E+03,0.000000E+00,1.490786E-01,0.000000E+00,1.487682E+03,0.000000E+00,1.048763E-01,0.000000E+00,1.145789E+03,0.000000E+00,8.077015E-02,0.000000E+00,7.650432E+02,0.000000E+00,5.393026E-02,0.000000E+00,1.166323E+03,0.000000E+00,8.221765E-02,0.000000E+00,8.354538E+02,0.000000E+00,5.889367E-02,0.000000E+00,2.022370E+03,0.000000E+00,1.425671E-01,0.000000E+00,1.341749E+03,0.000000E+00,9.458699E-02,0.000000E+00,2.032866E+03,0.000000E+00,1.433071E-01,0.000000E+00,1.438683E+03,0.000000E+00,1.014203E-01
02:30:00,0.000000E+00,2.004026E+04,0.000000E+00,1.412596E+00,0.000000E+00,8.879408E+03,0.000000E+00,6.258977E-01,0.000000E+00,9.283955E+03,0.000000E+00,6.544131E-01,0.000000E+00,2.123483E+03,0.000000E+00,1.496977E-01,0.000000E+00,1.404978E+03,0.000000E+00,9.904613E-02,0.000000E+00,2.136159E+03,0.000000E+00,1.505914E-01,0.000000E+00,1.495942E+03,0.000000E+00,1.054586E-01,0.000000E+00,1.159658E+03,0.000000E+00,8.174784E-02,0.000000E+00,7.736088E+02,0.000000E+00,5.453413E-02,0.000000E+00,1.180421E+03,0.000000E+00,8.321147E-02,0.000000E+00,8.412009E+02,0.000000E+00,5.929885E-02,0.000000E+00,2.044364E+03,0.000000E+00,1.441177E-01,0.000000E+00,1.354628E+03,0.000000E+00,9.549498E-02,0.000000E+00,2.055364E+03,0.000000E+00,1.448932E-01,0.000000E+00,1.447595E+03,0.000000E+00,1.020485E-01
02:45:00,0.000000E+00,2.014513E+04,0.000000E+00,1.419986E+00,0.000000E+00,9.006612E+03,0.000000E+00,6.348626E-01,0.000000E+00,9.405346E+03,0.000000E+00,6.629682E-01,0.000000E+00,2.142247E+03,0.000000E+00,1.510206E-01,0.000000E+00,1.415721E+03,0.000000E+00,9.980354E-02,0.000000E+00,2.155341E+03,0.000000E+00,1.519437E-01,0.000000E+00,1.502848E+03,0.000000E+00,1.059455E-01,0.000000E+00,1.172223E+03,0.000000E+00,8.263365E-02,0.000000E+00,7.812011E+02,0.000000E+00,5.506938E-02,0.000000E+00,1.193152E+03,0.000000E+00,8.410897E-02,0.000000E+00,8.460163E+02,0.000000E+00,5.963833E-02,0.000000E+00,2.064474E+03,0.000000E+00,1.455354E-01,0.000000E+00,1.366247E+03,0.000000E+00,9.631406E-02,0.000000E+00,2.075942E+03,0.000000E+00,1.463439E-01,0.000000E+00,1.455377E+03,0.000000E+00,1.025971E-01
03:00:00,0.000000E+00,2.024431E+04,0.000000E+00,1.426974E+00,0.000000E+00,9.128662E+03,0.000000E+00,6.434643E-01,0.000000E+00,9.519902E+03,0.000000E+00,6.710416E-01,0.000000E+00,2.159339E+03,0.000000E+00,1.522256E-01,0.000000E+00,1.425372E+03,0.000000E+00,1.004839E-01,0.000000E+00,2.172827E+03,0.000000E+00,1.531764E-01,0.000000E+00,1.508801E+03,0.000000E+00,1.063652E-01,0.000000E+00,1.183845E+03,0.000000E+00,8.345301E-02,0.000000E+00,7.880850E+02,0.000000E+00,5.555468E-02,0.000000E+00,1.204875E+03,0.000000E+00,8.493546E-02,0.000000E+00,8.501920E+02,0.000000E+00,5.993272E-02,0.000000E+00,2.083237E+03,0.000000E+00,1.468581E-01,0.000000E+00,1.376974E+03,0.000000E+00,9.707027E-02,0.000000E+00,2.095140E+03,0.000000E+00,1.476972E-01,0.000000E+00,1.462403E+03,0.000000E+00,1.030924E-01
03:15:00,0.000000E+00,2.033868E+04,0.000000E+00,1.433626E+00,0.000000E+00,9.246370E+03,0.000000E+00,6.517602E-01,0.000000E+00,9.628653E+03,0.000000E+00,6.787060E-01,0.000000E+00,2.174912E+03,0.000000E+00,1.533234E-01,0.000000E+00,1.434034E+03,0.000000E+00,1.010945E-01,0.000000E+00,2.188765E+03,0.000000E+00,1.543000E-01,0.000000E+00,1.513906E+03,0.000000E+00,1.067250E-01,0.000000E+00,1.194593E+03,0.000000E+00,8.421073E-02,0.000000E+00,7.943274E+02,0.000000E+00,5.599475E-02,0.000000E+00,1.215668E+03,0.000000E+00,8.569630E-02,0.000000E+00,8.538116E+02,0.000000E+00,6.018790E-02,0.000000E+00,2.100783E+03,0.000000E+00,1.480950E-01,0.000000E+00,1.386898E+03,0.000000E+00,9.776989E-02,0.000000E+00,2.113082E+03,0.000000E+00,1.489620E-01,0.000000E+00,1.468766E+03,0.000000E+00,1.035410E-01
03:30:00,0.000000E+00,2.042893E+04,0.000000E+00,1.439986E+00,0.000000E+00,9.360368E+03,0.000000E+00,6.597946E-01,0.000000E+00,9.732441E+03,0.000000E+00,6.860208E-01,0.000000E+00,2.189278E+03,0.000000E+00,1.543361E-01,0.000000E+00,1.441917E+03,0.000000E+00,1.016503E-01,0.000000E+00,2.203467E+03,0.000000E+00,1.553364E-01,0.000000E+00,1.518371E+03,0.000000E+00,1.070398E-01,0.000000E+00,1.204639E+03,0.000000E+00,8.491893E-02,0.000000E+00,8.000706E+02,0.000000E+00,5.639963E-02,0.000000E+00,1.225725E+03,0.000000E+00,8.640528E-02,0.000000E+00,8.570248E+02,0.000000E+00,6.041442E-02,0.000000E+00,2.117384E+03,0.000000E+00,1.492652E-01,0.000000E+00,1.396207E+03,0.000000E+00,9.842608E-02,0.000000E+00,2.130044E+03,0.000000E+00,1.501577E-01,0.000000E+00,1.474651E+03,0.000000E+00,1.039558E-01
03:45:00,0.000000E+00,2.051582E+04,0.000000E+00,1.446110E+00,0.000000E+00,9.471116E+03,0.000000E+00,6.676001E-01,0.000000E+00,9.831917E+03,0.000000E+00,6.930318E-01,0.000000E+00,2.202680E+03,0.000000E+00,1.552809E-01,0.000000E+00,1.449189E+03,0.000000E+00,1.021629E-01,0.000000E+00,2.217181E+03,0.000000E+00,1.563031E-01,0.000000E+00,1.522358E+03,0.000000E+00,1.073208E-01,0.000000E+00,1.214123E+03,0.000000E+00,8.558747E-02,0.000000E+00,8.054266E+02,0.000000E+00,5.677721E-02,0.000000E+00,1.235201E+03,0.000000E+00,8.707332E-02,0.000000E+00,8.599464E+02,0.000000E+00,6.062038E-02,0.000000E+00,2.133243E+03,0.000000E+00,1.503832E-01,0.000000E+00,1.405041E+03,0.000000E+00,9.904886E-02,0.000000E+00,2.146233E+03,0.000000E+00,1.512990E-01,0.000000E+00,1.480194E+03,0.000000E+00,1.043466E-01
04:00:00,0.000000E+00,2.059960E+04,0.000000E+00,1.452015E+00,0.000000E+00,9.579281E+03,0.000000E+00,6.752237E-01,0.000000E+00,9.927910E+03,0.000000E+00,6.997974E-01,0.000000E+00,2.215348E+03,0.000000E+00,1.561739E-01,0.000000E+00,1.456001E+03,0.000000E+00,1.026431E-01,0.000000E+00,2.230139E+03,0.000000E+00,1.572166E-01,0.000000E+00,1.526009E+03,0.000000E+00,1.075782E-01,0.000000E+00,1.223179E+03,0.000000E+00,8.622592E-02,0.000000E+00,8.105001E+02,0.000000E+00,5.713487E-02,0.000000E+00,1.244248E+03,0.000000E+00,8.771106E-02,0.000000E+00,8.626783E+02,0.000000E+00,6.081297E-02,0.000000E+00,2.148559E+03,0.000000E+00,1.514629E-01,0.000000E+00,1.413534E+03,0.000000E+00,9.964753E-02,0.000000E+00,2.161852E+03,0.000000E+00,1.524000E-01,0.000000E+00,1.485518E+03,0.000000E+00,1.047219E-01
04:15:00,0.000000E+00,2.068039E+04,0.000000E+00,1.457709E+00,0.000000E+00,9.684976E+03,0.000000E+00,6.826732E-01,0.000000E+00,1.002070E+04,0.000000E+00,7.063370E-01,0.000000E+00,2.227392E+03,0.000000E+00,1.570229E-01,0.000000E+00,1.462441E+03,0.000000E+00,1.030970E-01,0.000000E+00,2.242468E+03,0.000000E+00,1.580857E-01,0.000000E+00,1.529396E+03,0.000000E+00,1.078169E-01,0.000000E+00,1.231858E+03,0.000000E+00,8.683769E-02,0.000000E+00,8.153343E+02,0.000000E+00,5.747566E-02,0.000000E+00,1.252924E+03,0.000000E+00,8.832267E-02,0.000000E+00,8.652722E+02,0.000000E+00,6.099583E-02,0.000000E+00,2.163407E+03,0.000000E+00,1.525096E-01,0.000000E+00,1.421748E+03,0.000000E+00,1.002266E-01,0.000000E+00,2.176991E+03,0.000000E+00,1.534671E-01,0.000000E+00,1.490672E+03,0.000000E+00,1.050852E-01
04:30:00,0.000000E+00,2.075853E+04,0.000000E+00,1.463217E+00,0.000000E+00,9.788271E+03,0.000000E+00,6.899537E-01,0.000000E+00,1.011048E+04,0.000000E+00,7.126648E-01,0.000000E+00,2.238917E+03,0.000000E+00,1.578354E-01,0.000000E+00,1.468571E+03,0.000000E+00,1.035292E-01,0.000000E+00,2.254263E+03,0.000000E+00,1.589172E-01,0.000000E+00,1.532586E+03,0.000000E+00,1.080418E-01,0.000000E+00,1.240222E+03,0.000000E+00,8.742733E-02,0.000000E+00,8.199768E+02,0.000000E+00,5.780293E-02,0.000000E+00,1.261294E+03,0.000000E+00,8.891269E-02,0.000000E+00,8.677703E+02,0.000000E+00,6.117194E-02,0.000000E+00,2.177864E+03,0.000000E+00,1.535287E-01,0.000000E+00,1.429732E+03,0.000000E+00,1.007894E-01,0.000000E+00,2.191719E+03,0.000000E+00,1.545054E-01,0.000000E+00,1.495708E+03,0.000000E+00,1.054401E-01
04:45:00,0.000000E+00,2.083446E+04,0.000000E+00,1.468569E+00,0.000000E+00,9.889285E+03,0.000000E+00,6.970735E-01,0.000000E+00,1.019748E+04,0.000000E+00,7.187968E-01,0.000000E+00,2.250014E+03,0.000000E+00,1.586176E-01,0.000000E+00,1.474452E+03,0.000000E+00,1.039437E-01,0.000000E+00,2.265611E+03,0.000000E+00,1.597172E-01,0.000000E+00,1.535637E+03,0.000000E+00,1.082569E-01,0.000000E+00,1.248318E+03,0.000000E+00,8.799804E-02,0.000000E+00,8.244645E+02,0.000000E+00,5.811929E-02,0.000000E+00,1.269408E+03,0.000000E+00,8.948469E-02,0.000000E+00,8.702062E+02,0.000000E+00,6.134366E-02,0.000000E+00,2.191997E+03,0.000000E+00,1.545249E-01,0.000000E+00,1.437530E+03,0.000000E+00,1.013390E-01,0.000000E+00,2.206102E+03,0.000000E+00,1.555193E-01,0.000000E+00,1.500666E+03,0.000000E+00,1.057897E-01
05:00:00,0.000000E+00,2.090835E+04,0.000000E+00,1.473778E+00,0.000000E+00,9.988115E+03,0.000000E+00,7.040394E-01,0.000000E+00,1.028189E+04,0.000000E+00,7.247466E-01,0.000000E+00,2.260747E+03,0.000000E+00,1.593743E-01,0.000000E+00,1.480126E+03,0.000000E+00,1.043437E-01,0.000000E+00,2.276580E+03,0.000000E+00,1.604904E-01,0.000000E+00,1.538588E+03,0.000000E+00,1.084649E-01,0.000000E+00,1.256159E+03,0.000000E+00,8.855080E-02,0.000000E+00,8.288244E+02,0.000000E+00,5.842663E-02,0.000000E+00,1.277304E+03,0.000000E+00,9.004130E-02,0.000000E+00,8.726104E+02,0.000000E+00,6.151315E-02,0.000000E+00,2.205848E+03,0.000000E+00,1.555014E-01,0.000000E+00,1.445171E+03,0.000000E+00,1.018777E-01,0.000000E+00,2.220185E+03,0.000000E+00,1.565121E-01,0.000000E+00,1.505573E+03,0.000000E+00,1.061356E-01
05:15:00,0.000000E+00,2.098002E+04,0.000000E+00,1.478830E+00,0.000000E+00,1.126546E+04,0.000000E+00,8.004708E-01,0.000000E+00,1.155201E+04,0.000000E+00,8.208105E-01,0.000000E+00,2.551203E+03,0.000000E+00,1.813763E-01,0.000000E+00,1.666220E+03,0.000000E+00,1.184638E-01,0.000000E+00,2.568022E+03,0.000000E+00,1.825733E-01,0.000000E+00,1.723607E+03,0.000000E+00,1.225386E-01,0.000000E+00,1.494050E+03,0.000000E+00,1.061770E-01,0.000000E+00,9.814456E+02,0.000000E+00,6.975168E-02,0.000000E+00,1.515924E+03,0.000000E+00,1.077314E-01,0.000000E+00,1.024177E+03,0.000000E+00,7.278291E-02,0.000000E+00,2.497682E+03,0.000000E+00,1.775732E-01,0.000000E+00,1.632133E+03,0.000000E+00,1.160415E-01,0.000000E+00,2.512949E+03,0.000000E+00,1.786598E-01,0.000000E+00,1.691554E+03,0.000000E+00,1.202610E-01
05:30:00,0.000000E+00,2.105012E+04,0.000000E+00,1.483771E+00,0.000000E+00,1.166162E+04,0.000000E+00,8.372139E-01,0.000000E+00,1.193686E+04,0.000000E+00,8.569207E-01,0.000000E+00,2.669515E+03,0.000000E+00,1.918883E-01,0.000000E+00,1.743710E+03,0.000000E+00,1.253506E-01,0.000000E+00,2.687048E+03,0.000000E+00,1.931500E-01,0.000000E+00,1.799537E+03,0.000000E+00,1.293515E-01,0.000000E+00,1.553722E+03,0.000000E+00,1.115542E-01,0.000000E+00,1.023211E+03,0.000000E+00,7.348270E-02,0.000000E+00,1.577371E+03,0.000000E+00,1.132578E-01,0.000000E+00,1.065906E+03,0.000000E+00,7.654431E-02,0.000000E+00,2.617962E+03,0.000000E+00,1.881919E-01,0.000000E+00,1.710841E+03,0.000000E+00,1.229936E-01,0.000000E+00,2.633896E+03,0.000000E+00,1.893385E-01,0.000000E+00,1.768755E+03,0.000000E+00,1.271446E-01
05:45:00,0.000000E+00,2.111846E+04,0.000000E+00,1.488587E+00,0.000000E+00,1.257864E+04,0.000000E+00,9.135872E-01,0.000000E+00,1.283923E+04,0.000000E+00,9.323970E-01,0.000000E+00,2.890987E+03,0.000000E+00,2.102456E-01,0.000000E+00,1.885900E+03,0.000000E+00,1.371572E-01,0.000000E+00,2.909168E+03,0.000000E+00,2.115670E-01,0.000000E+00,1.939905E+03,0.000000E+00,1.410622E-01,0.000000E+00,1.736463E+03,0.000000E+00,1.262852E-01,0.000000E+00,1.141216E+03,0.000000E+00,8.300803E-02,0.000000E+00,1.761034E+03,0.000000E+00,1.280731E-01,0.000000E+00,1.182675E+03,0.000000E+00,8.600753E-02,0.000000E+00,2.841946E+03,0.000000E+00,2.066987E-01,0.000000E+00,1.854583E+03,0.000000E+00,1.348919E-01,0.000000E+00,2.858483E+03,0.000000E+00,2.079008E-01,0.000000E+00,1.910712E+03,0.000000E+00,1.389511E-01
06:00:00,0.000000E+00,2.118557E+04,0.000000E+00,1.493318E+00,0.000000E+00,1.332842E+04,0.000000E+00,9.773261E-01,0.000000E+00,1.357124E+04,0.000000E+00,9.949931E-01,0.000000E+00,3.073216E+03,0.000000E+00,2.256299E-01,0.000000E+00,2.002971E+03,0.000000E+00,1.470601E-01,0.000000E+00,3.092075E+03,0.000000E+00,2.270136E-01,0.000000E+00,2.055119E+03,0.000000E+00,1.508647E-01,0.000000E+00,1.879097E+03,0.000000E+00,1.379758E-01,0.000000E+00,1.233948E+03,0.000000E+00,9.061706E-02,0.000000E+00,1.904749E+03,0.000000E+00,1.398603E-01,0.000000E+00,1.274366E+03,0.000000E+00,9.356786E-02,0.000000E+00,3.027217E+03,0.000000E+00,2.222751E-01,0.000000E+00,1.973547E+03,0.000000E+00,1.449136E-01,0.000000E+00,3.044381E+03,0.000000E+00,2.235344E-01,0.000000E+00,2.027833E+03,0.000000E+00,1.488749E-01
06:15:00,0.000000E+00,2.152970E+04,0.000000E+00,1.517575E+00,0.000000E+00,1.527102E+04,0.000000E+00,1.138737E+00,0.000000E+00,1.549530E+04,0.000000E+00,1.155238E+00,0.000000E+00,3.530100E+03,0.000000E+00,2.635414E-01,0.000000E+00,2.292834E+03,0.000000E+00,1.711592E-01,0.000000E+00,3.548638E+03,0.000000E+00,2.649160E-01,0.000000E+00,2.346154E+03,0.000000E+00,1.751139E-01,0.000000E+00,2.264716E+03,0.000000E+00,1.692503E-01,0.000000E+00,1.481067E+03,0.000000E+00,1.106859E-01,0.000000E+00,2.292407E+03,0.000000E+00,1.713169E-01,0.000000E+00,1.523718E+03,0.000000E+00,1.138560E-01,0.000000E+00,3.488120E+03,0.000000E+00,2.604474E-01,0.000000E+00,2.265943E+03,0.000000E+00,1.691768E-01,0.000000E+00,3.504879E+03,0.000000E+00,2.616897E-01,0.000000E+00,2.321439E+03,0.000000E+00,1.732930E-01
06:30:00,0.000000E+00,2.386531E+04,0.000000E+00,1.709120E+00,1.733323E+02,1.657833E+04,8.271991E-03,1.256172E+00,1.562439E+03,1.677951E+04,7.140058E-02,1.271153E+00,8.387768E+02,3.858714E+03,3.687471E-02,2.927291E-01,5.389329E+02,2.510060E+03,2.358317E-02,1.904331E-01,8.224623E+02,3.868539E+03,3.603668E-02,2.934238E-01,5.389116E+02,2.558040E+03,2.358224E-02,1.940255E-01,3.785949E+02,2.537688E+03,1.737651E-02,1.927309E-01,2.620063E+02,1.664248E+03,1.198966E-02,1.264239E-01,3.871801E+02,2.558161E+03,1.775016E-02,1.942439E-01,2.620067E+02,1.702079E+03,1.198967E-02,1.292569E-01,5.398177E+02,3.821539E+03,2.434880E-02,2.899591E-01,3.665075E+02,2.486275E+03,1.648574E-02,1.886608E-01,5.462249E+02,3.829493E+03,2.461819E-02,2.905123E-01,3.665025E+02,2.536347E+03,1.648552E-02,1.924104E-01
06:45:00,0.000000E+00,2.482387E+04,0.000000E+00,1.812004E+00,1.733323E+02,1.820986E+04,8.271991E-03,1.399772E+00,1.562439E+03,1.838517E+04,7.140058E-02,1.412990E+00,1.008166E+03,4.263609E+03,4.501741E-02,3.280598E-01,6.588293E+02,2.812235E+03,2.934669E-02,2.165394E-01,9.907133E+02,4.248686E+03,4.412465E-02,3.267869E-01,6.588188E+02,2.805260E+03,2.934628E-02,2.157813E-01,3.851620E+02,2.896859E+03,1.769221E-02,2.231461E-01,2.746653E+02,1.935888E+03,1.259820E-02,1.492733E-01,3.968389E+02,2.892429E+03,1.821447E-02,2.226850E-01,2.746750E+02,1.920954E+03,1.259866E-02,1.479161E-01,5.784971E+02,4.231793E+03,2.620817E-02,3.256623E-01,4.032014E+02,2.792147E+03,1.824966E-02,2.150270E-01,5.878848E+02,4.214869E+03,2.662083E-02,3.242354E-01,4.032074E+02,2.786890E+03,1.824996E-02,2.143983E-01
07:00:00,0.000000E+00,2.664581E+04,0.000000E+00,1.984331E+00,2.308859E+02,1.971954E+04,1.104600E-02,1.533706E+00,2.600339E+03,1.986865E+04,1.214562E-01,1.545116E+00,1.617178E+03,4.666578E+03,7.429262E-02,3.632496E-01,1.065876E+03,3.152059E+03,4.891335E-02,2.456779E-01,1.606661E+03,4.608179E+03,7.373332E-02,3.585046E-01,1.065857E+03,3.038791E+03,4.891253E-02,2.364418E-01,6.369576E+02,3.252792E+03,2.979651E-02,2.533117E-01,4.513849E+02,2.245157E+03,2.109343E-02,1.751517E-01,6.572780E+02,3.207682E+03,3.073428E-02,2.496092E-01,4.513960E+02,2.127056E+03,2.109395E-02,1.655531E-01,9.438976E+02,4.640221E+03,4.377352E-02,3.612365E-01,6.538791E+02,3.135980E+03,3.030005E-02,2.444528E-01,9.598298E+02,4.579664E+03,4.450078E-02,3.563232E-01,6.538838E+02,3.023761E+03,3.030029E-02,2.352950E-01
07:15:00,8.363540E+02,2.961324E+04,4.114072E-02,2.269259E+00,1.496979E+03,2.141785E+04,7.191956E-02,1.702593E+00,5.031394E+03,2.153657E+04,2.417453E-01,1.711795E+00,2.530703E+03,5.152847E+03,1.200243E-01,4.101683E-01,1.666984E+03,3.599794E+03,7.902273E-02,2.872941E-01,2.525433E+03,5.032194E+03,1.197316E-01,4.001863E-01,1.666951E+03,3.311288E+03,7.902123E-02,2.633202E-01,1.191840E+03,3.712770E+03,5.731478E-02,2.961776E-01,8.236804E+02,2.677725E+03,3.958677E-02,2.143181E-01,1.220749E+03,3.606856E+03,5.869112E-02,2.873611E-01,8.236869E+02,2.385911E+03,3.958709E-02,1.900758E-01,1.618889E+03,5.133167E+03,7.740402E-02,4.086505E-01,1.103273E+03,3.588745E+03,5.270907E-02,2.864500E-01,1.641346E+03,5.010160E+03,7.846212E-02,3.984812E-01,1.103270E+03,3.300212E+03,5.270893E-02,2.624672E-01
07:30:00,8.363540E+02,3.161542E+04,4.114072E-02,2.489591E+00,1.496979E+03,2.305666E+04,7.191956E-02,1.864568E+00,6.072065E+03,2.315652E+04,2.954587E-01,1.872466E+00,3.152053E+03,5.656287E+03,1.520936E-01,4.587923E-01,2.081912E+03,4.119125E+03,1.004381E-01,3.357271E-01,3.151350E+03,5.461899E+03,1.520366E-01,4.423910E-01,2.081878E+03,3.587059E+03,1.004365E-01,2.905266E-01,1.484141E+03,4.204985E+03,7.240128E-02,3.417099E-01,1.029943E+03,3.189224E+03,5.023260E-02,2.607249E-01,1.521448E+03,4.026468E+03,7.421108E-02,3.265928E-01,1.029958E+03,2.654670E+03,5.023332E-02,2.153186E-01,2.023264E+03,5.641073E+03,9.827482E-02,4.575974E-01,1.381998E+03,4.111980E+03,6.709472E-02,3.351808E-01,2.051984E+03,5.444129E+03,9.965616E-02,4.409885E-01,1.382000E+03,3.578554E+03,6.709485E-02,2.898584E-01
07:45:00,1.349351E+03,3.401135E+04,6.788143E-02,2.744579E+00,2.626467E+03,2.459922E+04,1.304861E-01,2.024309E+00,7.946196E+03,2.469405E+04,3.921904E-01,2.032055E+00,3.892692E+03,6.161128E+03,1.903185E-01,5.087535E-01,2.570162E+03,4.689309E+03,1.256370E-01,3.893758E-01,3.896161E+03,5.890157E+03,1.904769E-01,4.856815E-01,2.570118E+03,3.861897E+03,1.256349E-01,3.184034E-01,1.943478E+03,4.684123E+03,9.610850E-02,3.875356E-01,1.338090E+03,3.742020E+03,6.613656E-02,3.116397E-01,1.987818E+03,4.431409E+03,9.828124E-02,3.659672E-01,1.338103E+03,2.915418E+03,6.613717E-02,2.407327E-01,2.575023E+03,6.147415E+03,1.267516E-01,5.076329E-01,1.749965E+03,4.684349E+03,8.608574E-02,3.889837E-01,2.608952E+03,5.873786E+03,1.284017E-01,4.843417E-01,1.749962E+03,3.854124E+03,8.608564E-02,3.177657E-01
08:00:00,1.856033E+03,3.623651E+04,9.403805E-02,2.984779E+00,3.440840E+03,2.613551E+04,1.725264E-01,2.181723E+00,9.494603E+03,2.624302E+04,4.721102E-01,2.190809E+00,4.557058E+03,6.687384E+03,2.246066E-01,5.601517E-01,3.008811E+03,5.322249E+03,1.482758E-01,4.482355E-01,4.564572E+03,6.339578E+03,2.249737E-01,5.303873E-01,3.008760E+03,4.150339E+03,1.482734E-01,3.471848E-01,2.334028E+03,5.183537E+03,1.162650E-01,4.346839E-01,1.602368E+03,4.355620E+03,7.977608E-02,3.675901E-01,2.385511E+03,4.856718E+03,1.188064E-01,4.066742E-01,1.602380E+03,3.188493E+03,7.977670E-02,2.669395E-01,3.058081E+03,6.671362E+03,1.516822E-01,5.587828E-01,2.074045E+03,5.317184E+03,1.028115E-01,4.478040E-01,3.097295E+03,6.320930E+03,1.536051E-01,5.287993E-01,2.074041E+03,4.140949E+03,1.028113E-01,3.463787E-01
08:15:00,2.240002E+03,3.812158E+04,1.138563E-01,3.200086E+00,4.203147E+03,2.642136E+04,2.118725E-01,2.236629E+00,1.098196E+04,2.656086E+04,5.488786E-01,2.248667E+00,5.193660E+03,6.945216E+03,2.574626E-01,5.895895E-01,3.428888E+03,5.823845E+03,1.699566E-01,4.965361E-01,5.205070E+03,6.524018E+03,2.580307E-01,5.534186E-01,3.428831E+03,4.268574E+03,1.699538E-01,3.620164E-01,2.711334E+03,5.444168E+03,1.357384E-01,4.626309E-01,1.857268E+03,4.854778E+03,9.293187E-02,4.145830E-01,2.769676E+03,5.044933E+03,1.386338E-01,4.283265E-01,1.857281E+03,3.308108E+03,9.293250E-02,2.807904E-01,3.523592E+03,6.921818E+03,1.757077E-01,5.875520E-01,2.385954E+03,5.815492E+03,1.189095E-01,4.958019E-01,3.567855E+03,6.498143E+03,1.778912E-01,5.511728E-01,2.385948E+03,4.254320E+03,1.189092E-01,3.607723E-01
08:30:00,2.636539E+03,3.797261E+04,1.343233E-01,3.244530E+00,4.780452E+03,2.730174E+04,2.423440E-01,2.332147E+00,1.085384E+04,2.750027E+04,5.515093E-01,2.349428E+00,4.970492E+03,7.340602E+03,2.523608E-01,6.285846E-01,3.295997E+03,6.435305E+03,1.673302E-01,5.529297E-01,5.001991E+03,6.858963E+03,2.539618E-01,5.870778E-01,3.295954E+03,4.475118E+03,1.673280E-01,3.829928E-01,2.699837E+03,5.823612E+03,1.373086E-01,4.989267E-01,1.843053E+03,5.452750E+03,9.373124E-02,4.689659E-01,2.756252E+03,5.365756E+03,1.401740E-01,4.594608E-01,1.843065E+03,3.505629E+03,9.373188E-02,3.001386E-01,3.436397E+03,7.304103E+03,1.747196E-01,6.253904E-01,2.322507E+03,6.419934E+03,1.180653E-01,5.515749E-01,3.479129E+03,6.820212E+03,1.768854E-01,5.836930E-01,2.322504E+03,4.452414E+03,1.180651E-01,3.810042E-01
08:45:00,3.023070E+03,3.916617E+04,1.542737E-01,3.374764E+00,5.513951E+03,2.782391E+04,2.802029E-01,2.398725E+00,1.224472E+04,2.810995E+04,6.232986E-01,2.423708E+00,5.400037E+03,7.669966E+03,2.751308E-01,6.623556E-01,3.571023E+03,6.994503E+03,1.819497E-01,6.053617E-01,5.436230E+03,7.149820E+03,2.769700E-01,6.173173E-01,3.570963E+03,4.657148E+03,1.819467E-01,4.020780E-01,3.052354E+03,6.122972E+03,1.555261E-01,5.288385E-01,2.072606E+03,5.991924E+03,1.056239E-01,5.188405E-01,3.112171E+03,5.630148E+03,1.585781E-01,4.861540E-01,2.072609E+03,3.670622E+03,1.056241E-01,3.169322E-01,3.840226E+03,7.614106E+03,1.956991E-01,6.574642E-01,2.581931E+03,6.967797E+03,1.315847E-01,6.030150E-01,3.884710E+03,7.092068E+03,1.979659E-01,6.122644E-01,2.581915E+03,4.622095E+03,1.315839E-01,3.990079E-01
09:00:00,3.401142E+03,3.946766E+04,1.737877E-01,3.433191E+00,6.175870E+03,2.843875E+04,3.145639E-01,2.472612E+00,1.256180E+04,2.884106E+04,6.431791E-01,2.507796E+00,5.376303E+03,8.015251E+03,2.760636E-01,6.975131E-01,3.549806E+03,7.557699E+03,1.822969E-01,6.584162E-01,5.409145E+03,7.478972E+03,2.777544E-01,6.507670E-01,3.549748E+03,4.864754E+03,1.822940E-01,4.233045E-01,3.153281E+03,6.434597E+03,1.616268E-01,5.598050E-01,2.133673E+03,6.531662E+03,1.094015E-01,5.690360E-01,3.210811E+03,5.926354E+03,1.645914E-01,5.154997E-01,2.133675E+03,3.856965E+03,1.094017E-01,3.355036E-01,3.909308E+03,7.933536E+03,2.005586E-01,6.903599E-01,2.621865E+03,7.515166E+03,1.345336E-01,6.546887E-01,3.951858E+03,7.395912E+03,2.027488E-01,6.434976E-01,2.621848E+03,4.813349E+03,1.345327E-01,4.188045E-01
09:15:00,2.935812E+03,3.859941E+04,1.517970E-01,3.377032E+00,5.617582E+03,2.765859E+04,2.902231E-01,2.419869E+00,1.145494E+04,2.820453E+04,5.912371E-01,2.467636E+00,5.036635E+03,8.008346E+03,2.599506E-01,7.006697E-01,3.326941E+03,7.857367E+03,1.717099E-01,6.874566E-01,5.067739E+03,7.480312E+03,2.615559E-01,6.544727E-01,3.326891E+03,4.863089E+03,1.717073E-01,4.254838E-01,2.945913E+03,6.417415E+03,1.520449E-01,5.614789E-01,1.995546E+03,6.820669E+03,1.029943E-01,5.967587E-01,3.001090E+03,5.919771E+03,1.548927E-01,5.179396E-01,1.995552E+03,3.849529E+03,1.029947E-01,3.368065E-01,3.662225E+03,7.894345E+03,1.890137E-01,6.906914E-01,2.458575E+03,7.794455E+03,1.268913E-01,6.819483E-01,3.702753E+03,7.365854E+03,1.911055E-01,6.444547E-01,2.458564E+03,4.791437E+03,1.268907E-01,4.192123E-01
09:30:00,3.300800E+03,3.867426E+04,1.706356E-01,3.383674E+00,6.315361E+03,2.779347E+04,3.262385E-01,2.431705E+00,1.171155E+04,2.850783E+04,6.044818E-01,2.494208E+00,4.979379E+03,8.166606E+03,2.569961E-01,7.145269E-01,3.283782E+03,8.208641E+03,1.694828E-01,7.182031E-01,5.009357E+03,7.665589E+03,2.585432E-01,6.706923E-01,3.283727E+03,4.979142E+03,1.694800E-01,4.356438E-01,2.996751E+03,6.550384E+03,1.546688E-01,5.731177E-01,2.020416E+03,7.151957E+03,1.042780E-01,6.257503E-01,3.049658E+03,6.081382E+03,1.573995E-01,5.320839E-01,2.020414E+03,3.949922E+03,1.042780E-01,3.455932E-01,3.680219E+03,8.014563E+03,1.899428E-01,7.012200E-01,2.462165E+03,8.121188E+03,1.270768E-01,7.105476E-01,3.718892E+03,7.514217E+03,1.919388E-01,6.574443E-01,2.462147E+03,4.883700E+03,1.270759E-01,4.272907E-01
09:45:00,3.147504E+03,3.833521E+04,1.624605E-01,3.354029E+00,5.874815E+03,2.747955E+04,3.032311E-01,2.404244E+00,1.111090E+04,2.838540E+04,5.734797E-01,2.483502E+00,4.794345E+03,8.230393E+03,2.474479E-01,7.201072E-01,3.161683E+03,8.451289E+03,1.631822E-01,7.394319E-01,4.823529E+03,7.766202E+03,2.489541E-01,6.794950E-01,3.161632E+03,5.043412E+03,1.631796E-01,4.412670E-01,2.876791E+03,6.577091E+03,1.484780E-01,5.754527E-01,1.940799E+03,7.368181E+03,1.001693E-01,6.446650E-01,2.928697E+03,6.146190E+03,1.511570E-01,5.377531E-01,1.940800E+03,3.990837E+03,1.001693E-01,3.491724E-01,3.546052E+03,8.035099E+03,1.830193E-01,7.030163E-01,2.373249E+03,8.335510E+03,1.224885E-01,7.292981E-01,3.583836E+03,7.572774E+03,1.849694E-01,6.625674E-01,2.373233E+03,4.921012E+03,1.224877E-01,4.305553E-01
10:00:00,2.995797E+03,3.814750E+04,1.546257E-01,3.337607E+00,5.741421E+03,2.731597E+04,2.963389E-01,2.389930E+00,1.081466E+04,2.843310E+04,5.581900E-01,2.487674E+00,4.678091E+03,8.321994E+03,2.414498E-01,7.281189E-01,3.084231E+03,8.655459E+03,1.591861E-01,7.572909E-01,4.706549E+03,7.901394E+03,2.429186E-01,6.913212E-01,3.084181E+03,5.130651E+03,1.591835E-01,4.488985E-01,2.822320E+03,6.627019E+03,1.456677E-01,5.798177E-01,1.902773E+03,7.543478E+03,9.820739E-02,6.599967E-01,2.873026E+03,6.240535E+03,1.482848E-01,5.460051E-01,1.902774E+03,4.051589E+03,9.820743E-02,3.544862E-01,3.476371E+03,8.078939E+03,1.794245E-01,7.068493E-01,2.325344E+03,8.508029E+03,1.200171E-01,7.443881E-01,3.513111E+03,7.661386E+03,1.813208E-01,6.703183E-01,2.325328E+03,4.978427E+03,1.200163E-01,4.355774E-01
10:15:00,2.962567E+03,3.800312E+04,1.529105E-01,3.324977E+00,5.652877E+03,2.718751E+04,2.917686E-01,2.378691E+00,1.056055E+04,2.853219E+04,5.450740E-01,2.496344E+00,4.582963E+03,8.416780E+03,2.365413E-01,7.364107E-01,3.020965E+03,8.809281E+03,1.559216E-01,7.707461E-01,4.610786E+03,8.043170E+03,2.379773E-01,7.037246E-01,3.020916E+03,5.222940E+03,1.559191E-01,4.569726E-01,2.778165E+03,6.675454E+03,1.433894E-01,5.840537E-01,1.872106E+03,7.665408E+03,9.662507E-02,6.706610E-01,2.827873E+03,6.336694E+03,1.459551E-01,5.544170E-01,1.872106E+03,4.114458E+03,9.662509E-02,3.599861E-01,3.420477E+03,8.122188E+03,1.765407E-01,7.106321E-01,2.287050E+03,8.627430E+03,1.180414E-01,7.548320E-01,3.456333E+03,7.752814E+03,1.783914E-01,6.783167E-01,2.287034E+03,5.038515E+03,1.180405E-01,4.408342E-01
10:30:00,2.912839E+03,3.788200E+04,1.503438E-01,3.314382E+00,5.569248E+03,2.707781E+04,2.874522E-01,2.369095E+00,1.034203E+04,2.866230E+04,5.337954E-01,2.507730E+00,4.502790E+03,8.511422E+03,2.324041E-01,7.446907E-01,2.967750E+03,8.909417E+03,1.531756E-01,7.795054E-01,4.530046E+03,8.185385E+03,2.338109E-01,7.161671E-01,2.967702E+03,5.316100E+03,1.531731E-01,4.651233E-01,2.741557E+03,6.720063E+03,1.415005E-01,5.879560E-01,1.846716E+03,7.731595E+03,9.531496E-02,6.764497E-01,2.790392E+03,6.429777E+03,1.440211E-01,5.625604E-01,1.846716E+03,4.176019E+03,9.531497E-02,3.653718E-01,3.374027E+03,8.162348E+03,1.741441E-01,7.141455E-01,2.255263E+03,8.691056E+03,1.164013E-01,7.603969E-01,3.409103E+03,7.841756E+03,1.759545E-01,6.860981E-01,2.255247E+03,5.097638E+03,1.164004E-01,4.460069E-01
10:45:00,2.869429E+03,3.777625E+04,1.481032E-01,3.305131E+00,5.496356E+03,2.698043E+04,2.836899E-01,2.360576E+00,1.015075E+04,2.881315E+04,5.239228E-01,2.520929E+00,4.433735E+03,8.605342E+03,2.288405E-01,7.529078E-01,2.921989E+03,8.953343E+03,1.508141E-01,7.833471E-01,4.460586E+03,8.325471E+03,2.302264E-01,7.284233E-01,2.921942E+03,5.407718E+03,1.508116E-01,4.731390E-01,2.710509E+03,6.761394E+03,1.398984E-01,5.915717E-01,1.825218E+03,7.740358E+03,9.420566E-02,6.772148E-01,2.758562E+03,6.518274E+03,1.423786E-01,5.703028E-01,1.825218E+03,4.234516E+03,9.420566E-02,3.704896E-01,3.334494E+03,8.199724E+03,1.721042E-01,7.174153E-01,2.228249E+03,8.697097E+03,1.150073E-01,7.609241E-01,3.368869E+03,7.926492E+03,1.738784E-01,6.935116E-01,2.228232E+03,5.153921E+03,1.150065E-01,4.509310E-01
11:00:00,2.830990E+03,3.768035E+04,1.461192E-01,3.296742E+00,5.431380E+03,2.689086E+04,2.803362E-01,2.352740E+00,9.980305E+03,2.897692E+04,5.151252E-01,2.535258E+00,4.373187E+03,8.695358E+03,2.257157E-01,7.607833E-01,2.881926E+03,8.925912E+03,1.487465E-01,7.809456E-01,4.399552E+03,8.462582E+03,2.270765E-01,7.404191E-01,2.881879E+03,5.495944E+03,1.487440E-01,4.808579E-01,2.683539E+03,6.797237E+03,1.385067E-01,5.947074E-01,1.806580E+03,7.677161E+03,9.324386E-02,6.716843E-01,2.730879E+03,6.602260E+03,1.409501E-01,5.776506E-01,1.806579E+03,4.288646E+03,9.324384E-02,3.752254E-01,3.299989E+03,8.231940E+03,1.703236E-01,7.202338E-01,2.204710E+03,8.631041E+03,1.137926E-01,7.551434E-01,3.333722E+03,8.006919E+03,1.720648E-01,7.005481E-01,2.204694E+03,5.205984E+03,1.137918E-01,4.554860E-01
11:15:00,2.796280E+03,3.759045E+04,1.443277E-01,3.288877E+00,5.372203E+03,2.680593E+04,2.772819E-01,2.345310E+00,9.826521E+03,2.914730E+04,5.071878E-01,2.550166E+00,4.319257E+03,8.782686E+03,2.229324E-01,7.684236E-01,2.846285E+03,8.838266E+03,1.469070E-01,7.732759E-01,4.345161E+03,8.595430E+03,2.242694E-01,7.520420E-01,2.846238E+03,5.579446E+03,1.469046E-01,4.881635E-01,2.659633E+03,6.829672E+03,1.372731E-01,5.975449E-01,1.790091E+03,7.553960E+03,9.239296E-02,6.609040E-01,2.706317E+03,6.681230E+03,1.396826E-01,5.845595E-01,1.790090E+03,4.337589E+03,9.239294E-02,3.795072E-01,3.269225E+03,8.261041E+03,1.687361E-01,7.227797E-01,2.183760E+03,8.504746E+03,1.127115E-01,7.440924E-01,3.302364E+03,8.082473E+03,1.704465E-01,7.071582E-01,2.183743E+03,5.252956E+03,1.127107E-01,4.595955E-01
11:30:00,2.764514E+03,3.750413E+04,1.426881E-01,3.281325E+00,5.317533E+03,2.672368E+04,2.744601E-01,2.338114E+00,9.686758E+03,2.931935E+04,4.999741E-01,2.565218E+00,4.270673E+03,8.866744E+03,2.204250E-01,7.757776E-01,2.814204E+03,8.697276E+03,1.452513E-01,7.609392E-01,4.296132E+03,8.722788E+03,2.217390E-01,7.631844E-01,2.814158E+03,5.657165E+03,1.452489E-01,4.949629E-01,2.638110E+03,6.858826E+03,1.361624E-01,6.000954E-01,1.775271E+03,7.378179E+03,9.162820E-02,6.455235E-01,2.684183E+03,6.754582E+03,1.385404E-01,5.909768E-01,1.775271E+03,4.380815E+03,9.162816E-02,3.832889E-01,3.241343E+03,8.287123E+03,1.672973E-01,7.250615E-01,2.164805E+03,8.325707E+03,1.117333E-01,7.284268E-01,3.273929E+03,8.152609E+03,1.689791E-01,7.132942E-01,2.164788E+03,5.294280E+03,1.117324E-01,4.632108E-01
11:45:00,2.735031E+03,3.741984E+04,1.411664E-01,3.273951E+00,5.266291E+03,2.664283E+04,2.718153E-01,2.331041E+00,9.558490E+03,2.948912E+04,4.933537E-01,2.580072E+00,4.226390E+03,8.946344E+03,2.181395E-01,7.827418E-01,2.784982E+03,8.509359E+03,1.437431E-01,7.444970E-01,4.251418E+03,8.843428E+03,2.194313E-01,7.737390E-01,2.784936E+03,5.728331E+03,1.437407E-01,5.011892E-01,2.618446E+03,6.884134E+03,1.351476E-01,6.023094E-01,1.761754E+03,7.156681E+03,9.093059E-02,6.261436E-01,2.663945E+03,6.821829E+03,1.374960E-01,5.968601E-01,1.761753E+03,4.417908E+03,9.093055E-02,3.865340E-01,3.215689E+03,8.309561E+03,1.659733E-01,7.270244E-01,2.147391E+03,8.100884E+03,1.108346E-01,7.087559E-01,3.247754E+03,8.216727E+03,1.676283E-01,7.189038E-01,2.147374E+03,5.329454E+03,1.108337E-01,4.662880E-01
12:00:00,2.707339E+03,3.733663E+04,1.397371E-01,3.266671E+00,5.217698E+03,2.656262E+04,2.693072E-01,2.324023E+00,9.439727E+03,2.965316E+04,4.872238E-01,2.594424E+00,4.185608E+03,9.020241E+03,2.160346E-01,7.892069E-01,2.758081E+03,8.283443E+03,1.423547E-01,7.247305E-01,4.210215E+03,8.956068E+03,2.173047E-01,7.835937E-01,2.758035E+03,5.792261E+03,1.423523E-01,5.067822E-01,2.600256E+03,6.904978E+03,1.342088E-01,6.041330E-01,1.749267E+03,6.898663E+03,9.028619E-02,6.035687E-01,2.645213E+03,6.882379E+03,1.365292E-01,6.021573E-01,1.749266E+03,4.448595E+03,9.028615E-02,3.892186E-01,3.191783E+03,8.327676E+03,1.647395E-01,7.286092E-01,2.131187E+03,7.839615E+03,1.099984E-01,6.858965E-01,3.223356E+03,8.274157E+03,1.663692E-01,7.239282E-01,2.131171E+03,5.358259E+03,1.099975E-01,4.688080E-01
12:15:00,2.681035E+03,3.725388E+04,1.383794E-01,3.259431E+00,5.171121E+03,2.648254E+04,2.669032E-01,2.317018E+00,9.328636E+03,2.980901E+04,4.814899E-01,2.608059E+00,4.147659E+03,9.087383E+03,2.140760E-01,7.950810E-01,2.733058E+03,8.031189E+03,1.410632E-01,7.026598E-01,4.171855E+03,9.059741E+03,2.153249E-01,7.926639E-01,2.733013E+03,5.848538E+03,1.410609E-01,5.117057E-01,2.583242E+03,6.920874E+03,1.333308E-01,6.055236E-01,1.737605E+03,6.615829E+03,8.968430E-02,5.788228E-01,2.627683E+03,6.935694E+03,1.356246E-01,6.068217E-01,1.737603E+03,4.472758E+03,8.968424E-02,3.913324E-01,3.169257E+03,8.340920E+03,1.635770E-01,7.297678E-01,2.115941E+03,7.553834E+03,1.092115E-01,6.608927E-01,3.200363E+03,8.324430E+03,1.651825E-01,7.283263E-01,2.115924E+03,5.380609E+03,1.092106E-01,4.707632E-01
12:30:00,2.655890E+03,3.717133E+04,1.370816E-01,3.252209E+00,5.126213E+03,2.640241E+04,2.645853E-01,2.310007E+00,9.224201E+03,2.995477E+04,4.760996E-01,2.620811E+00,4.112115E+03,9.147620E+03,2.122415E-01,8.003510E-01,2.709627E+03,7.767578E+03,1.398538E-01,6.795958E-01,4.135910E+03,9.154159E+03,2.134696E-01,8.009243E-01,2.709582E+03,5.897421E+03,1.398515E-01,5.159822E-01,2.567208E+03,6.932112E+03,1.325033E-01,6.065066E-01,1.726627E+03,6.323038E+03,8.911777E-02,5.532061E-01,2.611159E+03,6.981900E+03,1.347718E-01,6.108640E-01,1.726626E+03,4.490935E+03,8.911770E-02,3.929225E-01,3.147872E+03,8.349531E+03,1.624733E-01,7.305211E-01,2.101486E+03,7.258678E+03,1.084655E-01,6.350689E-01,3.178534E+03,8.367671E+03,1.640559E-01,7.321093E-01,2.101469E+03,5.396983E+03,1.084646E-01,4.721956E-01
12:45:00,2.631738E+03,3.708927E+04,1.358350E-01,3.245030E+00,5.082728E+03,2.632253E+04,2.623408E-01,2.303018E+00,9.125632E+03,3.008946E+04,4.710120E-01,2.632595E+00,4.078655E+03,9.202909E+03,2.105145E-01,8.051880E-01,2.687573E+03,7.516590E+03,1.387156E-01,6.576364E-01,4.102058E+03,9.240657E+03,2.117224E-01,8.084917E-01,2.687528E+03,5.952413E+03,1.387132E-01,5.207933E-01,2.552012E+03,6.940852E+03,1.317190E-01,6.072712E-01,1.716235E+03,6.044360E+03,8.858140E-02,5.288242E-01,2.595494E+03,7.022575E+03,1.339633E-01,6.144224E-01,1.716233E+03,4.516829E+03,8.858133E-02,3.951878E-01,3.127457E+03,8.355703E+03,1.614197E-01,7.310609E-01,2.087703E+03,6.978120E+03,1.077541E-01,6.105225E-01,3.157696E+03,8.405510E+03,1.629804E-01,7.354196E-01,2.087686E+03,5.420953E+03,1.077532E-01,4.742926E-01
13:00:00,2.608447E+03,3.700863E+04,1.346328E-01,3.237975E+00,5.040472E+03,2.624380E+04,2.601598E-01,2.296130E+00,9.032224E+03,3.021264E+04,4.661908E-01,2.643372E+00,4.047016E+03,9.254481E+03,2.088815E-01,8.096999E-01,2.666720E+03,7.291536E+03,1.376393E-01,6.379464E-01,4.070036E+03,9.319158E+03,2.100697E-01,8.153596E-01,2.666675E+03,6.028824E+03,1.376370E-01,5.274785E-01,2.537543E+03,6.948560E+03,1.309723E-01,6.079454E-01,1.706349E+03,5.793151E+03,8.807119E-02,5.068460E-01,2.580577E+03,7.057856E+03,1.331934E-01,6.175089E-01,1.706347E+03,4.565496E+03,8.807111E-02,3.994457E-01,3.107880E+03,8.360968E+03,1.604093E-01,7.315214E-01,2.074500E+03,6.725457E+03,1.070726E-01,5.884170E-01,3.137714E+03,8.438165E+03,1.619491E-01,7.382765E-01,2.074482E+03,5.467840E+03,1.070718E-01,4.783948E-01
13:15:00,2.585918E+03,3.693059E+04,1.334700E-01,3.231147E+00,4.999304E+03,2.616734E+04,2.580350E-01,2.289441E+00,8.943398E+03,3.032439E+04,4.616062E-01,2.653148E+00,4.016985E+03,9.303589E+03,2.073315E-01,8.139963E-01,2.646928E+03,7.099446E+03,1.366177E-01,6.211407E-01,4.039633E+03,9.389712E+03,2.085005E-01,8.215321E-01,2.646883E+03,6.136756E+03,1.366154E-01,5.369219E-01,2.523718E+03,6.956740E+03,1.302588E-01,6.086610E-01,1.696911E+03,5.576502E+03,8.758408E-02,4.878918E-01,2.566323E+03,7.088039E+03,1.324578E-01,6.201495E-01,1.696909E+03,4.646746E+03,8.758400E-02,4.065547E-01,3.089041E+03,8.366828E+03,1.594370E-01,7.320341E-01,2.061807E+03,6.507740E+03,1.064176E-01,5.693693E-01,3.118489E+03,8.465936E+03,1.609569E-01,7.407060E-01,2.061790E+03,5.547778E+03,1.064167E-01,4.853889E-01
13:30:00,2.563985E+03,3.685624E+04,1.323380E-01,3.224642E+00,4.958963E+03,2.609424E+04,2.559528E-01,2.283045E+00,8.858278E+03,3.042503E+04,4.572128E-01,2.661954E+00,3.988304E+03,9.350886E+03,2.058512E-01,8.181342E-01,2.628027E+03,6.944264E+03,1.356422E-01,6.075644E-01,4.010588E+03,9.452077E+03,2.070014E-01,8.269882E-01,2.627983E+03,6.283288E+03,1.356399E-01,5.497427E-01,2.510441E+03,6.966240E+03,1.295735E-01,6.094922E-01,1.687854E+03,5.398364E+03,8.711666E-02,4.723070E-01,2.552632E+03,7.113112E+03,1.317512E-01,6.223429E-01,1.687853E+03,4.767497E+03,8.711657E-02,4.171200E-01,3.070824E+03,8.374115E+03,1.584967E-01,7.326716E-01,2.049546E+03,6.328864E+03,1.057847E-01,5.537199E-01,3.099902E+03,8.488793E+03,1.599976E-01,7.427056E-01,2.049528E+03,5.667859E+03,1.057838E-01,4.958956E-01
13:45:00,2.542623E+03,3.678654E+04,1.312354E-01,3.218544E+00,4.919429E+03,2.602540E+04,2.539123E-01,2.277022E+00,8.776607E+03,3.051496E+04,4.529974E-01,2.669821E+00,3.960856E+03,9.396792E+03,2.044345E-01,8.221504E-01,2.609942E+03,6.827389E+03,1.347088E-01,5.973396E-01,3.982788E+03,9.506268E+03,2.055665E-01,8.317290E-01,2.609898E+03,6.473321E+03,1.347065E-01,5.663697E-01,2.497669E+03,6.977628E+03,1.289143E-01,6.104885E-01,1.679150E+03,5.260180E+03,8.666742E-02,4.602180E-01,2.539465E+03,7.133194E+03,1.310716E-01,6.240997E-01,1.679148E+03,4.932593E+03,8.666733E-02,4.315653E-01,3.053183E+03,8.383388E+03,1.575862E-01,7.334829E-01,2.037683E+03,6.190182E+03,1.051724E-01,5.415874E-01,3.081906E+03,8.506864E+03,1.590688E-01,7.442864E-01,2.037666E+03,5.832992E+03,1.051716E-01,5.103442E-01
14:00:00,2.521820E+03,3.672217E+04,1.301617E-01,3.212913E+00,4.880696E+03,2.596152E+04,2.519131E-01,2.271434E+00,8.698186E+03,3.059479E+04,4.489498E-01,2.676805E+00,3.934560E+03,9.441594E+03,2.030773E-01,8.260701E-01,2.592617E+03,6.747491E+03,1.338146E-01,5.903501E-01,3.956149E+03,9.552393E+03,2.041916E-01,8.357643E-01,2.592573E+03,6.709672E+03,1.338123E-01,5.870494E-01,2.485376E+03,6.991245E+03,1.282798E-01,6.116798E-01,1.670778E+03,5.160744E+03,8.623529E-02,4.515192E-01,2.526792E+03,7.148451E+03,1.304175E-01,6.254344E-01,1.670776E+03,5.144823E+03,8.623519E-02,4.501346E-01,3.036088E+03,8.394978E+03,1.567039E-01,7.344970E-01,2.026198E+03,6.090349E+03,1.045797E-01,5.328537E-01,3.064473E+03,8.520299E+03,1.581690E-01,7.454618E-01,2.026181E+03,6.045991E+03,1.045788E-01,5.289808E-01
14:15:00,2.501687E+03,3.666367E+04,1.291225E-01,3.207794E+00,4.842982E+03,2.590314E+04,2.499665E-01,2.266326E+00,8.623197E+03,3.066454E+04,4.450792E-01,2.682907E+00,3.909431E+03,9.484714E+03,2.017803E-01,8.298427E-01,2.576061E+03,6.699920E+03,1.329600E-01,5.861888E-01,3.930690E+03,9.590239E+03,2.028775E-01,8.390753E-01,2.576017E+03,6.992547E+03,1.329578E-01,6.117995E-01,2.473581E+03,7.006620E+03,1.276711E-01,6.130251E-01,1.662748E+03,5.095691E+03,8.582088E-02,4.458285E-01,2.514633E+03,7.158809E+03,1.297899E-01,6.263404E-01,1.662746E+03,5.404458E+03,8.582078E-02,4.728514E-01,3.019582E+03,8.408408E+03,1.558520E-01,7.356720E-01,2.015115E+03,6.024796E+03,1.040077E-01,5.271193E-01,3.047642E+03,8.529023E+03,1.573003E-01,7.462249E-01,2.015098E+03,6.307117E+03,1.040068E-01,5.518281E-01
14:30:00,2.482157E+03,3.661126E+04,1.281145E-01,3.203210E+00,4.806174E+03,2.585055E+04,2.480668E-01,2.261725E+00,8.551285E+03,3.072421E+04,4.413676E-01,2.688127E+00,3.885369E+03,9.525622E+03,2.005383E-01,8.334216E-01,2.560208E+03,6.676618E+03,1.321418E-01,5.841508E-01,3.906308E+03,9.620064E+03,2.016191E-01,8.416844E-01,2.560165E+03,7.320207E+03,1.321396E-01,6.404678E-01,2.462245E+03,7.023347E+03,1.270860E-01,6.144886E-01,1.655036E+03,5.057269E+03,8.542282E-02,4.424677E-01,2.502948E+03,7.164622E+03,1.291869E-01,6.268489E-01,1.655034E+03,5.709943E+03,8.542272E-02,4.995796E-01,3.003616E+03,8.423235E+03,1.550280E-01,7.369693E-01,2.004403E+03,5.985552E+03,1.034548E-01,5.236865E-01,3.031367E+03,8.533367E+03,1.564603E-01,7.466048E-01,2.004386E+03,6.614756E+03,1.034539E-01,5.787448E-01
14:45:00,2.463158E+03,3.656476E+04,1.271339E-01,3.199141E+00,4.770155E+03,2.580359E+04,2.462077E-01,2.257616E+00,8.482115E+03,3.077343E+04,4.377974E-01,2.692433E+00,3.862273E+03,9.562904E+03,1.993463E-01,8.366834E-01,2.544994E+03,6.659929E+03,1.313565E-01,5.826914E-01,3.882903E+03,9.641067E+03,2.004111E-01,8.435217E-01,2.544950E+03,7.676200E+03,1.313543E-01,6.716148E-01,2.451328E+03,7.040245E+03,1.265225E-01,6.159671E-01,1.647612E+03,5.027876E+03,8.503967E-02,4.398968E-01,2.491696E+03,7.165258E+03,1.286061E-01,6.269044E-01,1.647610E+03,6.045017E+03,8.503956E-02,5.288965E-01,2.988141E+03,8.438148E+03,1.542292E-01,7.382741E-01,1.994028E+03,5.955127E+03,1.029193E-01,5.210253E-01,3.015595E+03,8.532587E+03,1.556462E-01,7.465364E-01,1.994011E+03,6.952688E+03,1.029184E-01,6.083118E-01
15:00:00,2.444655E+03,3.652329E+04,1.261788E-01,3.195514E+00,4.734873E+03,2.576147E+04,2.443866E-01,2.253932E+00,8.415475E+03,3.081116E+04,4.343579E-01,2.695734E+00,3.840072E+03,9.594663E+03,1.982004E-01,8.394619E-01,2.530371E+03,6.641889E+03,1.306018E-01,5.811134E-01,3.860404E+03,9.651514E+03,1.992498E-01,8.444355E-01,2.530328E+03,8.040973E+03,1.305996E-01,7.035297E-01,2.440802E+03,7.055523E+03,1.259793E-01,6.173037E-01,1.640459E+03,4.999637E+03,8.467048E-02,4.374266E-01,2.480849E+03,7.159091E+03,1.280463E-01,6.263647E-01,1.640457E+03,6.390821E+03,8.467037E-02,5.591518E-01,2.973125E+03,8.451332E+03,1.534542E-01,7.394275E-01,1.983968E+03,5.925714E+03,1.024001E-01,5.184524E-01,3.000295E+03,8.525032E+03,1.548565E-01,7.458753E-01,1.983951E+03,7.301663E+03,1.023992E-01,6.388446E-01
15:15:00,2.426619E+03,3.648571E+04,1.252480E-01,3.192226E+00,4.700290E+03,2.572312E+04,2.426016E-01,2.250577E+00,8.351191E+03,3.083596E+04,4.310399E-01,2.697903E+00,3.818708E+03,9.619813E+03,1.970977E-01,8.416622E-01,2.516301E+03,6.619385E+03,1.298756E-01,5.791446E-01,3.838752E+03,9.650152E+03,1.981323E-01,8.443160E-01,2.516258E+03,8.399017E+03,1.298734E-01,7.348554E-01,2.430648E+03,7.068176E+03,1.254552E-01,6.184108E-01,1.633562E+03,4.969511E+03,8.431450E-02,4.347911E-01,2.470386E+03,7.144969E+03,1.275062E-01,6.251289E-01,1.633560E+03,6.732552E+03,8.431438E-02,5.890501E-01,2.958545E+03,8.461791E+03,1.527017E-01,7.403426E-01,1.974208E+03,5.894301E+03,1.018963E-01,5.157042E-01,2.985443E+03,8.509551E+03,1.540900E-01,7.445207E-01,1.974191E+03,7.646446E+03,1.018954E-01,6.690102E-01
15:30:00,2.409031E+03,3.645082E+04,1.243402E-01,3.189174E+00,4.666379E+03,2.568744E+04,2.408513E-01,2.247456E+00,8.289109E+03,3.084609E+04,4.278355E-01,2.698789E+00,3.798130E+03,9.638270E+03,1.960356E-01,8.432768E-01,2.502751E+03,6.590700E+03,1.291763E-01,5.766350E-01,3.817897E+03,9.636545E+03,1.970559E-01,8.431253E-01,2.502709E+03,8.737224E+03,1.291740E-01,7.644450E-01,2.420846E+03,7.078235E+03,1.249493E-01,6.192907E-01,1.626909E+03,4.935852E+03,8.397107E-02,4.318464E-01,2.460288E+03,7.122528E+03,1.269850E-01,6.231653E-01,1.626906E+03,7.057628E+03,8.397095E-02,6.174908E-01,2.944380E+03,8.469569E+03,1.519706E-01,7.410231E-01,1.964733E+03,5.859264E+03,1.014072E-01,5.126389E-01,2.971019E+03,8.485815E+03,1.533455E-01,7.424438E-01,1.964715E+03,7.974211E+03,1.014064E-01,6.976862E-01
15:45:00,2.391873E+03,3.641756E+04,1.234545E-01,3.186264E+00,4.633117E+03,2.565343E+04,2.391345E-01,2.244480E+00,8.229090E+03,3.084007E+04,4.247378E-01,2.698262E+00,3.778292E+03,9.650111E+03,1.950117E-01,8.443126E-01,2.489691E+03,6.554573E+03,1.285022E-01,5.734740E-01,3.797792E+03,9.610245E+03,1.960182E-01,8.408240E-01,2.489649E+03,9.044079E+03,1.285000E-01,7.912913E-01,2.411380E+03,7.085836E+03,1.244607E-01,6.199557E-01,1.620487E+03,4.897459E+03,8.363962E-02,4.284873E-01,2.450538E+03,7.091417E+03,1.264818E-01,6.204433E-01,1.620484E+03,7.354891E+03,8.363949E-02,6.434976E-01,2.930613E+03,8.474841E+03,1.512600E-01,7.414843E-01,1.955530E+03,5.819411E+03,1.009323E-01,5.091521E-01,2.957003E+03,8.453505E+03,1.526221E-01,7.396168E-01,1.955513E+03,8.273684E+03,1.009314E-01,7.238866E-01
16:00:00,2.375127E+03,3.638496E+04,1.225902E-01,3.183412E+00,4.600481E+03,2.562015E+04,2.374501E-01,2.241568E+00,8.171016E+03,3.081655E+04,4.217403E-01,2.696204E+00,3.759153E+03,9.655333E+03,1.940239E-01,8.447693E-01,2.477094E+03,6.509984E+03,1.278520E-01,5.695728E-01,3.778396E+03,9.570897E+03,1.950170E-01,8.373810E-01,2.477052E+03,9.309648E+03,1.278498E-01,8.145249E-01,2.402236E+03,7.091029E+03,1.239887E-01,6.204100E-01,1.614287E+03,4.853376E+03,8.331961E-02,4.246304E-01,2.441121E+03,7.051336E+03,1.259958E-01,6.169363E-01,1.614284E+03,7.614585E+03,8.331948E-02,6.662171E-01,2.917229E+03,8.477698E+03,1.505692E-01,7.417341E-01,1.946590E+03,5.773781E+03,1.004708E-01,5.051598E-01,2.943381E+03,8.412364E+03,1.519190E-01,7.360171E-01,1.946572E+03,8.535134E+03,1.004699E-01,7.467599E-01
16:15:00,2.358642E+03,3.635216E+04,1.217394E-01,3.180542E+00,4.568202E+03,2.558677E+04,2.357840E-01,2.238648E+00,8.114352E+03,3.077407E+04,4.188157E-01,2.692486E+00,3.740573E+03,9.654192E+03,1.930649E-01,8.446693E-01,2.464870E+03,6.456396E+03,1.272210E-01,5.648842E-01,3.759568E+03,9.518363E+03,1.940453E-01,8.327845E-01,2.464828E+03,9.525929E+03,1.272189E-01,8.334462E-01,2.393350E+03,7.094145E+03,1.235301E-01,6.206825E-01,1.608266E+03,4.803135E+03,8.300889E-02,4.202347E-01,2.431974E+03,7.002217E+03,1.255236E-01,6.126386E-01,1.608264E+03,7.828774E+03,8.300876E-02,6.849552E-01,2.904138E+03,8.478507E+03,1.498935E-01,7.418048E-01,1.937853E+03,5.721905E+03,1.000199E-01,5.006211E-01,2.930062E+03,8.362343E+03,1.512316E-01,7.316405E-01,1.937836E+03,8.750731E+03,1.000190E-01,7.656214E-01
16:30:00,2.342446E+03,3.631817E+04,1.209034E-01,3.177569E+00,4.536342E+03,2.555231E+04,2.341396E-01,2.235633E+00,8.059134E+03,3.071122E+04,4.159656E-01,2.686987E+00,3.722545E+03,9.640981E+03,1.921344E-01,8.435133E-01,2.453012E+03,6.392508E+03,1.266090E-01,5.592944E-01,3.741301E+03,9.450529E+03,1.931024E-01,8.268493E-01,2.452970E+03,9.670196E+03,1.266069E-01,8.460667E-01,2.384723E+03,7.089633E+03,1.230849E-01,6.202877E-01,1.602426E+03,4.745453E+03,8.270745E-02,4.151880E-01,2.423095E+03,6.941975E+03,1.250654E-01,6.073677E-01,1.602423E+03,7.974853E+03,8.270731E-02,6.977342E-01,2.891347E+03,8.471748E+03,1.492333E-01,7.412134E-01,1.929324E+03,5.662491E+03,9.957968E-02,4.954228E-01,2.917054E+03,8.301356E+03,1.505602E-01,7.263044E-01,1.929307E+03,8.898061E+03,9.957881E-02,7.785099E-01
16:45:00,2.326576E+03,3.628191E+04,1.200843E-01,3.174396E+00,4.504979E+03,2.551569E+04,2.325208E-01,2.232429E+00,8.005417E+03,3.062654E+04,4.131930E-01,2.679578E+00,3.705072E+03,9.614564E+03,1.912325E-01,8.412018E-01,2.441524E+03,6.317728E+03,1.260161E-01,5.527516E-01,3.723599E+03,9.364881E+03,1.921888E-01,8.193555E-01,2.441482E+03,9.747379E+03,1.260139E-01,8.528178E-01,2.376363E+03,7.076336E+03,1.226534E-01,6.191242E-01,1.596770E+03,4.679843E+03,8.241550E-02,4.094475E-01,2.414494E+03,6.868215E+03,1.246215E-01,6.009141E-01,1.596767E+03,8.057733E+03,8.241536E-02,7.049837E-01,2.878871E+03,8.456378E+03,1.485894E-01,7.398686E-01,1.921012E+03,5.595102E+03,9.915063E-02,4.895267E-01,2.904370E+03,8.227053E+03,1.499055E-01,7.198034E-01,1.920995E+03,8.982050E+03,9.914976E-02,7.858565E-01
17:00:00,2.311039E+03,3.624250E+04,1.192824E-01,3.170948E+00,4.474125E+03,2.547605E+04,2.309283E-01,2.228961E+00,7.953161E+03,3.051885E+04,4.104959E-01,2.670155E+00,3.688139E+03,9.572619E+03,1.903585E-01,8.375317E-01,2.430394E+03,6.231549E+03,1.254416E-01,5.452115E-01,3.706446E+03,9.260337E+03,1.913035E-01,8.102085E-01,2.430352E+03,9.755974E+03,1.254394E-01,8.535681E-01,2.368265E+03,7.051977E+03,1.222354E-01,6.169928E-01,1.591294E+03,4.605879E+03,8.213288E-02,4.029763E-01,2.406165E+03,6.780059E+03,1.241915E-01,5.932010E-01,1.591291E+03,8.075746E+03,8.213274E-02,7.065580E-01,2.866708E+03,8.430146E+03,1.479616E-01,7.375734E-01,1.912913E+03,5.519192E+03,9.873264E-02,4.828851E-01,2.892007E+03,8.138506E+03,1.492674E-01,7.120561E-01,1.912896E+03,9.001190E+03,9.873176E-02,7.875294E-01
17:15:00,2.295833E+03,3.619953E+04,1.184975E-01,3.167189E+00,4.443780E+03,2.543292E+04,2.293621E-01,2.225187E+00,7.902317E+03,3.038723E+04,4.078716E-01,2.658640E+00,3.671726E+03,9.512415E+03,1.895114E-01,8.322641E-01,2.419610E+03,6.133855E+03,1.248850E-01,5.366639E-01,3.689823E+03,9.136679E+03,1.904455E-01,7.993891E-01,2.419568E+03,9.690210E+03,1.248828E-01,8.478128E-01,2.360422E+03,7.014040E+03,1.218306E-01,6.136734E-01,1.585994E+03,4.523495E+03,8.185933E-02,3.957682E-01,2.398100E+03,6.677549E+03,1.237753E-01,5.842320E-01,1.585991E+03,8.023334E+03,8.185918E-02,7.019709E-01,2.854850E+03,8.390416E+03,1.473496E-01,7.340971E-01,1.905024E+03,5.434615E+03,9.832547E-02,4.754853E-01,2.879960E+03,8.035457E+03,1.486456E-01,7.030399E-01,1.905007E+03,8.949759E+03,9.832459E-02,7.830282E-01
17:30:00,2.280953E+03,3.615339E+04,1.177295E-01,3.163151E+00,4.413941E+03,2.538664E+04,2.278219E-01,2.221139E+00,7.852836E+03,3.023225E+04,4.053177E-01,2.645079E+00,3.655816E+03,9.429981E+03,1.886902E-01,8.250514E-01,2.409159E+03,6.024635E+03,1.243456E-01,5.271080E-01,3.673710E+03,8.993932E+03,1.896138E-01,7.868995E-01,2.409117E+03,9.544947E+03,1.243434E-01,8.351022E-01,2.352827E+03,6.958418E+03,1.214386E-01,6.088067E-01,1.580864E+03,4.432766E+03,8.159457E-02,3.878301E-01,2.390291E+03,6.560852E+03,1.233723E-01,5.740218E-01,1.580862E+03,7.895703E+03,8.159442E-02,6.908030E-01,2.843292E+03,8.333222E+03,1.467530E-01,7.290928E-01,1.897340E+03,5.341555E+03,9.792884E-02,4.673432E-01,2.868219E+03,7.918027E+03,1.480396E-01,6.927655E-01,1.897323E+03,8.822584E+03,9.792797E-02,7.719001E-01
17:45:00,2.266392E+03,3.610460E+04,1.169780E-01,3.158883E+00,4.384600E+03,2.533771E+04,2.263075E-01,2.216857E+00,7.804670E+03,3.005446E+04,4.028317E-01,2.629524E+00,3.640389E+03,9.320261E+03,1.878940E-01,8.154514E-01,2.399030E+03,5.903889E+03,1.238228E-01,5.165436E-01,3.658089E+03,8.831900E+03,1.888076E-01,7.727228E-01,2.398988E+03,9.321988E+03,1.238206E-01,8.155939E-01,2.345471E+03,6.880285E+03,1.210589E-01,6.019704E-01,1.575899E+03,4.333633E+03,8.133831E-02,3.791568E-01,2.382731E+03,6.429895E+03,1.229821E-01,5.625639E-01,1.575897E+03,7.694614E+03,8.133816E-02,6.732082E-01,2.832023E+03,8.253523E+03,1.461714E-01,7.221195E-01,1.889854E+03,5.239882E+03,9.754248E-02,4.584476E-01,2.856778E+03,7.785911E+03,1.474491E-01,6.812062E-01,1.889837E+03,8.621392E+03,9.754161E-02,7.542964E-01
18:00:00,2.252145E+03,3.605254E+04,1.162426E-01,3.154328E+00,4.355749E+03,2.528544E+04,2.248184E-01,2.212284E+00,7.757774E+03,2.985330E+04,4.004111E-01,2.611924E+00,3.625428E+03,9.170818E+03,1.871218E-01,8.023760E-01,2.389210E+03,5.772788E+03,1.233159E-01,5.050731E-01,3.642942E+03,8.649249E+03,1.880258E-01,7.567420E-01,2.389168E+03,9.010309E+03,1.233138E-01,7.883235E-01,2.338346E+03,6.767495E+03,1.206912E-01,5.921018E-01,1.571094E+03,4.227180E+03,8.109026E-02,3.698429E-01,2.375411E+03,6.283510E+03,1.226042E-01,5.497562E-01,1.571091E+03,7.409115E+03,8.109011E-02,6.482286E-01,2.821038E+03,8.138980E+03,1.456044E-01,7.120976E-01,1.882561E+03,5.130711E+03,9.716607E-02,4.488959E-01,2.845627E+03,7.637737E+03,1.468735E-01,6.682419E-01,1.882545E+03,8.335225E+03,9.716520E-02,7.292581E-01
18:15:00,2.238204E+03,3.599549E+04,1.155230E-01,3.149337E+00,4.327380E+03,2.522807E+04,2.233542E-01,2.207265E+00,7.712102E+03,2.962743E+04,3.980538E-01,2.592162E+00,3.652445E+03,8.979581E+03,1.885162E-01,7.856437E-01,2.407374E+03,5.632789E+03,1.242535E-01,4.928243E-01,3.669781E+03,8.449987E+03,1.894110E-01,7.393079E-01,2.407333E+03,8.622573E+03,1.242513E-01,7.543990E-01,2.354079E+03,6.617458E+03,1.215032E-01,5.789743E-01,1.581426E+03,4.114770E+03,8.162355E-02,3.600079E-01,2.390956E+03,6.125556E+03,1.234065E-01,5.359363E-01,1.581423E+03,7.051701E+03,8.162340E-02,6.169571E-01,2.844837E+03,7.987228E+03,1.468328E-01,6.988200E-01,1.898463E+03,5.015408E+03,9.798683E-02,4.388077E-01,2.869268E+03,7.477329E+03,1.480938E-01,6.542074E-01,1.898447E+03,7.976515E+03,9.798596E-02,6.978730E-01
18:30:00,2.224864E+03,3.593170E+04,1.148345E-01,3.143756E+00,4.299919E+03,2.516386E+04,2.219368E-01,2.201647E+00,7.668231E+03,2.937592E+04,3.957895E-01,2.570156E+00,3.680028E+03,8.752749E+03,1.899399E-01,7.657971E-01,2.425911E+03,5.489083E+03,1.252102E-01,4.802511E-01,3.697195E+03,8.245686E+03,1.908259E-01,7.214330E-01,2.425870E+03,8.184525E+03,1.252081E-01,7.160726E-01,2.370093E+03,6.437635E+03,1.223298E-01,5.632406E-01,1.591949E+03,4.001314E+03,8.216667E-02,3.500814E-01,2.406792E+03,5.966994E+03,1.242239E-01,5.220632E-01,1.591946E+03,6.647500E+03,8.216652E-02,5.815924E-01,2.869000E+03,7.804575E+03,1.480799E-01,6.828387E-01,1.914609E+03,4.899000E+03,9.882014E-02,4.286230E-01,2.893282E+03,7.315924E+03,1.493332E-01,6.400856E-01,1.914592E+03,7.570475E+03,9.881928E-02,6.623472E-01
18:45:00,2.212544E+03,3.586036E+04,1.141987E-01,3.137514E+00,4.273965E+03,2.509194E+04,2.205972E-01,2.195355E+00,7.627130E+03,2.909958E+04,3.936680E-01,2.545978E+00,3.708388E+03,8.506286E+03,1.914035E-01,7.442329E-01,2.444952E+03,5.351597E+03,1.261929E-01,4.682222E-01,3.725393E+03,8.041797E+03,1.922812E-01,7.035943E-01,2.444911E+03,7.702693E+03,1.261908E-01,6.739159E-01,2.386484E+03,6.241857E+03,1.231757E-01,5.461111E-01,1.602722E+03,3.895994E+03,8.272268E-02,3.408668E-01,2.423014E+03,5.812666E+03,1.250612E-01,5.085608E-01,1.602719E+03,6.201438E+03,8.272253E-02,5.425655E-01,2.893663E+03,7.606109E+03,1.493528E-01,6.654740E-01,1.931084E+03,4.790929E+03,9.967045E-02,4.191676E-01,2.917805E+03,7.158469E+03,1.505989E-01,6.263095E-01,1.931067E+03,7.122917E+03,9.966959E-02,6.231892E-01
19:00:00,2.201347E+03,3.578221E+04,1.136207E-01,3.130677E+00,4.249653E+03,2.501287E+04,2.193424E-01,2.188436E+00,7.589186E+03,2.880099E+04,3.917096E-01,2.519854E+00,3.737615E+03,8.250605E+03,1.929119E-01,7.218624E-01,2.464554E+03,5.214900E+03,1.272045E-01,4.562625E-01,3.754461E+03,7.842657E+03,1.937813E-01,6.861712E-01,2.464513E+03,7.213326E+03,1.272024E-01,6.311001E-01,2.403279E+03,6.040177E+03,1.240425E-01,5.284653E-01,1.613762E+03,3.793515E+03,8.329245E-02,3.319009E-01,2.439649E+03,5.666374E+03,1.259197E-01,4.957615E-01,1.613758E+03,5.751456E+03,8.329229E-02,5.031958E-01,2.918865E+03,7.401645E+03,1.506534E-01,6.475846E-01,1.947913E+03,4.685668E+03,1.005390E-01,4.099584E-01,2.942874E+03,7.008745E+03,1.518926E-01,6.132099E-01,1.947896E+03,6.669950E+03,1.005381E-01,5.835583E-01
19:15:00,2.191193E+03,3.569879E+04,1.130967E-01,3.123378E+00,4.226988E+03,2.492800E+04,2.181725E-01,2.181011E+00,7.554342E+03,2.848428E+04,3.899112E-01,2.492144E+00,3.767718E+03,7.992325E+03,1.944652E-01,6.992649E-01,2.484721E+03,5.082729E+03,1.282452E-01,4.446987E-01,3.784409E+03,7.650336E+03,1.953267E-01,6.693449E-01,2.484680E+03,6.739615E+03,1.282430E-01,5.896545E-01,2.420479E+03,5.838656E+03,1.249302E-01,5.108337E-01,1.625070E+03,3.697245E+03,8.387604E-02,3.234783E-01,2.456697E+03,5.529653E+03,1.267995E-01,4.837998E-01,1.625066E+03,5.318841E+03,8.387588E-02,4.653459E-01,2.944624E+03,7.197143E+03,1.519828E-01,6.296922E-01,1.965107E+03,4.586622E+03,1.014263E-01,4.012928E-01,2.968505E+03,6.868347E+03,1.532153E-01,6.009266E-01,1.965091E+03,6.233841E+03,1.014255E-01,5.454025E-01
19:30:00,2.181664E+03,3.561132E+04,1.126048E-01,3.115725E+00,4.205228E+03,2.483844E+04,2.170494E-01,2.173175E+00,7.521971E+03,2.815398E+04,3.882404E-01,2.463246E+00,3.798539E+03,7.738934E+03,1.960556E-01,6.770952E-01,2.505354E+03,4.958370E+03,1.293098E-01,4.338185E-01,3.815076E+03,7.468513E+03,1.969092E-01,6.534372E-01,2.505313E+03,6.299283E+03,1.293077E-01,5.511296E-01,2.437964E+03,5.644171E+03,1.258325E-01,4.938179E-01,1.636568E+03,3.609823E+03,8.446941E-02,3.158298E-01,2.474035E+03,5.405324E+03,1.276943E-01,4.729223E-01,1.636564E+03,4.920203E+03,8.446924E-02,4.304690E-01,2.970754E+03,6.999275E+03,1.533312E-01,6.123804E-01,1.982548E+03,4.496362E+03,1.023263E-01,3.933961E-01,2.994510E+03,6.740069E+03,1.545573E-01,5.897036E-01,1.982531E+03,5.831692E+03,1.023255E-01,5.102184E-01
19:45:00,2.172593E+03,3.552083E+04,1.121366E-01,3.107808E+00,4.184163E+03,2.474506E+04,2.159621E-01,2.165005E+00,7.491862E+03,2.781471E+04,3.866863E-01,2.433562E+00,3.830022E+03,7.497881E+03,1.976801E-01,6.560052E-01,2.526413E+03,4.843779E+03,1.303964E-01,4.237930E-01,3.846405E+03,7.300522E+03,1.985257E-01,6.387397E-01,2.526372E+03,5.901328E+03,1.303943E-01,5.163127E-01,2.455684E+03,5.463156E+03,1.267470E-01,4.779807E-01,1.648223E+03,3.532723E+03,8.507090E-02,3.090845E-01,2.491613E+03,5.295784E+03,1.286014E-01,4.633389E-01,1.648220E+03,4.563840E+03,8.507074E-02,3.992912E-01,2.997191E+03,6.814620E+03,1.546954E-01,5.962248E-01,2.000192E+03,4.416435E+03,1.032368E-01,3.864034E-01,3.020824E+03,6.626501E+03,1.559152E-01,5.797677E-01,2.000176E+03,5.471912E+03,1.032360E-01,4.787415E-01
20:00:00,2.163951E+03,3.542929E+04,1.116906E-01,3.099799E+00,4.163794E+03,2.464969E+04,2.149108E-01,2.156661E+00,7.463910E+03,2.747244E+04,3.852436E-01,2.403616E+00,3.862138E+03,7.283865E+03,1.993372E-01,6.372809E-01,2.547882E+03,4.739605E+03,1.315042E-01,4.146789E-01,3.878368E+03,7.150642E+03,2.001749E-01,6.256267E-01,2.547841E+03,5.567100E+03,1.315021E-01,4.870714E-01,2.473628E+03,5.309145E+03,1.276730E-01,4.645064E-01,1.660029E+03,3.466090E+03,8.568015E-02,3.032549E-01,2.509420E+03,5.204267E+03,1.295204E-01,4.553323E-01,1.660026E+03,4.270358E+03,8.567998E-02,3.736149E-01,3.023927E+03,6.656829E+03,1.560751E-01,5.824198E-01,2.018036E+03,4.346953E+03,1.041576E-01,3.803246E-01,3.047441E+03,6.531015E+03,1.572887E-01,5.714139E-01,2.018020E+03,5.175070E+03,1.041567E-01,4.527713E-01
20:15:00,2.155720E+03,3.533954E+04,1.112657E-01,3.091947E+00,4.144114E+03,2.455509E+04,2.138950E-01,2.148384E+00,7.437980E+03,2.713434E+04,3.839052E-01,2.374036E+00,3.853322E+03,7.102163E+03,1.988817E-01,6.213841E-01,2.542053E+03,4.646696E+03,1.312029E-01,4.065504E-01,3.869401E+03,7.018533E+03,1.997116E-01,6.140688E-01,2.542012E+03,5.294757E+03,1.312008E-01,4.632449E-01,2.469151E+03,5.186883E+03,1.274418E-01,4.538100E-01,1.656995E+03,3.410173E+03,8.552341E-02,2.983630E-01,2.504813E+03,5.129542E+03,1.292824E-01,4.487950E-01,1.656991E+03,4.037378E+03,8.552324E-02,3.532323E-01,3.016441E+03,6.530379E+03,1.556884E-01,5.713570E-01,2.013066E+03,4.288176E+03,1.039008E-01,3.751824E-01,3.039839E+03,6.452391E+03,1.568960E-01,5.645354E-01,2.013049E+03,4.938762E+03,1.039000E-01,4.320975E-01
20:30:00,2.147580E+03,3.525461E+04,1.108456E-01,3.084517E+00,4.124667E+03,2.446414E+04,2.128913E-01,2.140427E+00,7.413316E+03,2.680708E+04,3.826322E-01,2.345404E+00,3.844933E+03,6.954219E+03,1.984482E-01,6.084409E-01,2.536502E+03,4.562366E+03,1.309161E-01,3.991726E-01,3.860862E+03,6.896607E+03,1.992703E-01,6.034018E-01,2.536461E+03,5.084781E+03,1.309140E-01,4.448749E-01,2.464812E+03,5.095454E+03,1.272176E-01,4.458115E-01,1.654055E+03,3.361947E+03,8.537157E-02,2.941440E-01,2.500347E+03,5.063672E+03,1.290517E-01,4.430325E-01,1.654052E+03,3.865193E+03,8.537140E-02,3.381688E-01,3.009138E+03,6.435478E+03,1.553111E-01,5.630547E-01,2.008220E+03,4.236969E+03,1.036505E-01,3.707025E-01,3.032422E+03,6.382411E+03,1.565129E-01,5.584133E-01,2.008204E+03,4.763049E+03,1.036496E-01,4.167253E-01
20:45:00,2.139086E+03,3.517666E+04,1.104072E-01,3.077697E+00,4.104822E+03,2.437892E+04,2.118670E-01,2.132970E+00,7.388785E+03,2.649593E+04,3.813661E-01,2.318181E+00,3.836712E+03,6.825205E+03,1.980234E-01,5.971541E-01,2.531065E+03,4.478572E+03,1.306351E-01,3.918416E-01,3.852491E+03,6.782483E+03,1.988378E-01,5.934173E-01,2.531024E+03,4.930576E+03,1.306330E-01,4.313845E-01,2.460499E+03,5.021145E+03,1.269949E-01,4.393109E-01,1.651140E+03,3.313389E+03,8.522098E-02,2.898958E-01,2.495910E+03,5.003718E+03,1.288225E-01,4.377874E-01,1.651136E+03,3.748056E+03,8.522080E-02,3.279214E-01,3.001861E+03,6.357121E+03,1.549352E-01,5.561999E-01,2.003399E+03,4.184992E+03,1.034014E-01,3.661553E-01,3.025030E+03,6.318068E+03,1.561311E-01,5.527842E-01,2.003382E+03,4.641363E+03,1.034006E-01,4.060800E-01
21:00:00,2.130110E+03,3.510598E+04,1.099439E-01,3.071513E+00,4.084411E+03,2.429981E+04,2.108135E-01,2.126049E+00,7.363844E+03,2.620356E+04,3.800788E-01,2.292602E+00,3.828520E+03,6.707922E+03,1.976002E-01,5.868934E-01,2.525656E+03,4.402561E+03,1.303557E-01,3.851915E-01,3.844153E+03,6.674770E+03,1.984071E-01,5.839937E-01,2.525615E+03,4.803358E+03,1.303536E-01,4.202551E-01,2.456168E+03,4.956168E+03,1.267712E-01,4.336266E-01,1.648220E+03,3.270938E+03,8.507016E-02,2.861819E-01,2.491457E+03,4.947730E+03,1.285926E-01,4.328893E-01,1.648216E+03,3.654866E+03,8.506998E-02,3.197692E-01,2.994552E+03,6.287715E+03,1.545577E-01,5.501281E-01,1.998566E+03,4.139036E+03,1.031518E-01,3.621346E-01,3.017610E+03,6.257466E+03,1.557478E-01,5.474823E-01,1.998549E+03,4.544391E+03,1.031509E-01,3.975969E-01
21:15:00,2.120706E+03,3.504170E+04,1.094585E-01,3.065889E+00,4.063403E+03,2.422604E+04,2.097292E-01,2.119595E+00,7.338418E+03,2.593081E+04,3.787664E-01,2.268739E+00,3.820307E+03,6.600641E+03,1.971761E-01,5.775078E-01,2.520241E+03,4.332740E+03,1.300761E-01,3.790829E-01,3.835801E+03,6.574863E+03,1.979758E-01,5.752530E-01,2.520201E+03,4.693267E+03,1.300740E-01,4.106240E-01,2.451800E+03,4.898234E+03,1.265456E-01,4.285585E-01,1.645283E+03,3.232721E+03,8.491851E-02,2.828384E-01,2.486974E+03,4.896487E+03,1.283610E-01,4.284062E-01,1.645280E+03,3.576673E+03,8.491833E-02,3.129289E-01,2.987176E+03,6.225169E+03,1.541769E-01,5.446564E-01,1.993697E+03,4.097282E+03,1.029004E-01,3.584817E-01,3.010126E+03,6.201591E+03,1.553614E-01,5.425940E-01,1.993681E+03,4.462475E+03,1.028995E-01,3.904308E-01
21:30:00,2.111275E+03,3.498254E+04,1.089717E-01,3.060714E+00,4.042515E+03,2.415641E+04,2.086511E-01,2.113504E+00,7.313008E+03,2.567696E+04,3.774549E-01,2.246530E+00,3.812190E+03,6.501183E+03,1.967570E-01,5.688065E-01,2.514897E+03,4.267353E+03,1.298002E-01,3.733623E-01,3.827550E+03,6.481545E+03,1.975498E-01,5.670886E-01,2.514857E+03,4.595363E+03,1.297981E-01,4.020589E-01,2.447504E+03,4.845000E+03,1.263238E-01,4.239013E-01,1.642399E+03,3.196946E+03,8.476957E-02,2.797086E-01,2.482566E+03,4.848613E+03,1.281335E-01,4.242179E-01,1.642395E+03,3.508551E+03,8.476939E-02,3.069695E-01,2.979903E+03,6.167174E+03,1.538013E-01,5.395827E-01,1.988902E+03,4.057903E+03,1.026528E-01,3.550365E-01,3.002750E+03,6.149082E+03,1.549806E-01,5.380001E-01,1.988886E+03,4.390635E+03,1.026520E-01,3.841461E-01
21:45:00,2.101965E+03,3.492734E+04,1.084912E-01,3.055885E+00,4.021936E+03,2.408989E+04,2.075889E-01,2.107684E+00,7.287714E+03,2.544097E+04,3.761494E-01,2.225884E+00,3.804192E+03,6.408540E+03,1.963440E-01,5.607013E-01,2.509638E+03,4.205936E+03,1.295286E-01,3.679890E-01,3.819426E+03,6.394118E+03,1.971303E-01,5.594398E-01,2.509597E+03,4.506999E+03,1.295265E-01,3.943283E-01,2.443315E+03,4.795413E+03,1.261075E-01,4.195631E-01,1.639589E+03,3.163130E+03,8.462453E-02,2.767501E-01,2.478273E+03,4.803425E+03,1.279118E-01,4.202645E-01,1.639586E+03,3.447895E+03,8.462435E-02,3.016631E-01,2.972784E+03,6.112702E+03,1.534338E-01,5.348171E-01,1.984212E+03,4.020421E+03,1.024107E-01,3.517573E-01,2.995534E+03,6.099224E+03,1.546080E-01,5.336381E-01,1.984196E+03,4.326228E+03,1.024099E-01,3.785115E-01
22:00:00,2.092792E+03,3.487523E+04,1.080178E-01,3.051326E+00,4.001645E+03,2.402572E+04,2.065416E-01,2.102070E+00,7.262536E+03,2.522148E+04,3.748499E-01,2.206681E+00,3.796304E+03,6.322058E+03,1.959368E-01,5.531351E-01,2.504457E+03,4.148187E+03,1.292612E-01,3.629366E-01,3.811418E+03,6.312118E+03,1.967169E-01,5.522656E-01,2.504416E+03,4.426463E+03,1.292591E-01,3.872824E-01,2.439233E+03,4.748893E+03,1.258968E-01,4.154933E-01,1.636855E+03,3.131023E+03,8.448333E-02,2.739412E-01,2.474090E+03,4.760566E+03,1.276959E-01,4.165148E-01,1.636851E+03,3.393077E+03,8.448315E-02,2.968674E-01,2.965811E+03,6.061199E+03,1.530738E-01,5.303112E-01,1.979623E+03,3.984599E+03,1.021738E-01,3.486233E-01,2.988468E+03,6.051653E+03,1.542432E-01,5.294762E-01,1.979607E+03,4.267619E+03,1.021729E-01,3.733840E-01
22:15:00,1.827149E+03,3.141003E+04,9.430681E-02,2.732642E+00,3.492502E+03,2.099425E+04,1.802626E-01,1.836839E+00,6.343647E+03,2.197018E+04,3.274222E-01,1.922219E+00,3.318287E+03,5.493075E+03,1.712651E-01,4.806051E-01,2.189114E+03,3.606329E+03,1.129855E-01,3.154867E-01,3.331458E+03,5.486425E+03,1.719449E-01,4.800235E-01,2.189078E+03,3.852344E+03,1.129837E-01,3.367939E-01,2.132520E+03,4.134595E+03,1.100663E-01,3.617469E-01,1.431036E+03,2.725391E+03,7.386035E-02,2.384515E-01,2.162976E+03,4.146484E+03,1.116382E-01,3.627873E-01,1.431033E+03,2.944440E+03,7.386019E-02,2.576153E-01,2.592004E+03,5.280695E+03,1.337805E-01,4.620228E-01,1.730142E+03,3.470652E+03,8.929734E-02,3.036568E-01,2.611787E+03,5.274139E+03,1.348016E-01,4.614494E-01,1.730128E+03,3.719108E+03,8.929660E-02,3.252057E-01
22:30:00,1.562691E+03,2.880788E+04,8.065701E-02,2.475494E+00,2.985975E+03,1.827789E+04,1.541187E-01,1.594081E+00,5.427943E+03,1.909160E+04,2.801588E-01,1.664672E+00,2.841290E+03,4.766240E+03,1.466461E-01,4.155159E-01,1.874442E+03,3.132286E+03,9.674451E-02,2.729786E-01,2.852535E+03,4.763271E+03,1.472264E-01,4.152380E-01,1.874412E+03,3.342184E+03,9.674294E-02,2.910417E-01,1.826350E+03,3.526883E+03,9.426385E-02,3.085766E-01,1.225581E+03,2.327239E+03,6.325617E-02,2.035673E-01,1.852418E+03,3.538335E+03,9.560930E-02,3.095787E-01,1.225579E+03,2.521944E+03,6.325603E-02,2.203529E-01,2.219112E+03,4.587733E+03,1.145345E-01,4.000399E-01,1.481264E+03,3.018571E+03,7.645205E-02,2.631516E-01,2.236034E+03,4.584496E+03,1.154079E-01,3.997415E-01,1.481252E+03,3.233350E+03,7.645143E-02,2.816224E-01
22:45:00,1.299404E+03,2.648367E+04,6.706769E-02,2.237604E+00,2.482036E+03,1.581629E+04,1.281082E-01,1.369580E+00,4.515425E+03,1.651655E+04,2.330600E-01,1.429100E+00,2.365301E+03,4.105801E+03,1.220791E-01,3.552858E-01,1.560434E+03,2.702124E+03,8.053779E-02,2.336832E-01,2.374636E+03,4.105036E+03,1.225609E-01,3.551954E-01,1.560409E+03,2.888920E+03,8.053648E-02,2.494815E-01,1.520710E+03,2.949712E+03,7.848874E-02,2.577141E-01,1.020482E+03,1.954087E+03,5.267032E-02,1.705564E-01,1.542403E+03,2.963647E+03,7.960840E-02,2.588798E-01,1.020480E+03,2.125824E+03,5.267021E-02,1.851215E-01,1.847117E+03,3.956067E+03,9.533483E-02,3.424831E-01,1.232978E+03,2.606517E+03,6.363731E-02,2.255355E-01,1.861192E+03,3.956020E+03,9.606124E-02,3.424366E-01,1.232968E+03,2.798420E+03,6.363679E-02,2.417491E-01
23:00:00,1.037276E+03,2.434489E+04,5.353816E-02,2.012689E+00,1.980653E+03,1.364931E+04,1.022298E-01,1.165725E+00,3.606084E+03,1.425218E+04,1.861251E-01,1.215749E+00,1.890309E+03,3.514752E+03,9.756355E-02,3.001260E-01,1.247081E+03,2.315986E+03,6.436486E-02,1.976058E-01,1.897750E+03,3.515936E+03,9.794757E-02,3.001953E-01,1.247061E+03,2.483732E+03,6.436381E-02,2.114643E-01,1.215586E+03,2.444577E+03,6.274031E-02,2.119798E-01,8.157289E+02,1.623475E+03,4.210236E-02,1.405721E-01,1.232918E+03,2.459735E+03,6.363484E-02,2.132074E-01,8.157271E+02,1.770959E+03,4.210227E-02,1.528655E-01,1.476004E+03,3.390189E+03,7.618061E-02,2.896713E-01,9.852712E+02,2.236240E+03,5.085250E-02,1.909357E-01,1.487241E+03,3.392230E+03,7.676062E-02,2.897929E-01,9.852632E+02,2.408070E+03,5.085208E-02,2.051271E-01
23:15:00,7.762906E+02,2.229501E+04,4.006760E-02,1.794135E+00,1.481795E+03,1.152797E+04,7.648163E-02,9.652059E-01,2.699900E+03,1.202820E+04,1.393531E-01,1.005676E+00,1.416299E+03,2.939725E+03,7.309869E-02,2.462706E-01,9.343719E+02,1.941926E+03,4.822518E-02,1.624973E-01,1.421859E+03,2.942685E+03,7.338568E-02,2.464789E-01,9.343567E+02,2.093508E+03,4.822440E-02,1.746604E-01,9.109666E+02,1.981361E+03,4.701791E-02,1.692935E-01,6.113133E+02,1.317695E+03,3.155182E-02,1.124028E-01,9.239482E+02,1.996142E+03,4.768793E-02,1.704636E-01,6.113120E+02,1.441804E+03,3.155175E-02,1.225271E-01,1.105753E+03,2.835264E+03,5.707095E-02,2.377366E-01,7.381324E+02,1.874483E+03,3.809699E-02,1.570106E-01,1.114166E+03,2.838486E+03,5.750514E-02,2.379554E-01,7.381264E+02,2.029843E+03,3.809668E-02,1.694748E-01
23:30:00,5.164292E+02,2.029475E+04,2.665507E-02,1.579183E+00,9.854247E+02,9.462615E+03,5.086189E-02,7.687610E-01,1.796846E+03,9.892354E+03,9.274274E-02,8.022274E-01,9.432549E+02,2.392900E+03,4.868372E-02,1.945677E-01,6.222963E+02,1.586047E+03,3.211821E-02,1.287819E-01,9.469488E+02,2.397246E+03,4.887437E-02,1.948805E-01,6.222861E+02,1.722841E+03,3.211768E-02,1.393827E-01,6.068378E+02,1.513440E+03,3.132084E-02,1.263658E-01,4.072260E+02,1.010351E+03,2.101822E-02,8.418693E-02,6.154813E+02,1.528307E+03,3.176696E-02,1.275055E-01,4.072251E+02,1.117153E+03,2.101818E-02,9.260553E-02,7.363475E+02,2.304822E+03,3.800491E-02,1.876290E-01,4.915490E+02,1.528785E+03,2.537016E-02,1.242889E-01,7.419457E+02,2.309235E+03,3.829385E-02,1.879393E-01,4.915450E+02,1.668948E+03,2.536996E-02,1.351519E-01
23:45:00,2.576723E+02,1.833242E+04,1.329955E-02,1.367000E+00,4.915054E+02,7.446220E+03,2.536865E-02,5.758947E-01,8.968912E+02,7.818986E+03,4.629230E-02,6.035686E-01,4.711609E+02,1.864668E+03,2.431778E-02,1.443314E-01,3.108429E+02,1.242530E+03,1.604335E-02,9.604377E-02,4.730016E+02,1.870120E+03,2.441278E-02,1.447225E-01,3.108378E+02,1.365970E+03,1.604308E-02,1.052155E-01,3.031866E+02,1.062230E+03,1.564843E-02,8.470264E-02,2.034579E+02,7.138268E+02,1.050110E-02,5.679486E-02,3.075031E+02,1.076680E+03,1.587122E-02,8.577175E-02,2.034574E+02,8.046818E+02,1.050108E-02,6.363581E-02,3.677690E+02,1.789425E+03,1.898157E-02,1.386795E-01,2.455089E+02,1.193192E+03,1.267137E-02,9.234907E-02,3.705632E+02,1.794755E+03,1.912578E-02,1.390568E-01,2.455069E+02,1.319627E+03,1.267127E-02,1.017467E-01
24:00:00,0.000000E+00,1.640262E+04,0.000000E+00,1.157205E+00,0.000000E+00,5.466509E+03,0.000000E+00,3.857391E-01,0.000000E+00,5.797836E+03,0.000000E+00,4.089532E-01,0.000000E+00,1.352651E+03,0.000000E+00,9.538574E-02,0.000000E+00,9.097745E+02,0.000000E+00,6.416505E-02,0.000000E+00,1.358968E+03,0.000000E+00,9.583286E-02,0.000000E+00,1.021033E+03,0.000000E+00,7.201931E-02,0.000000E+00,6.195730E+02,0.000000E+00,4.372567E-02,0.000000E+00,4.239537E+02,0.000000E+00,2.993092E-02,0.000000E+00,6.336450E+02,0.000000E+00,4.472310E-02,0.000000E+00,5.004467E+02,0.000000E+00,3.533470E-02,0.000000E+00,1.286913E+03,0.000000E+00,9.073296E-02,0.000000E+00,8.662823E+02,0.000000E+00,6.108893E-02,0.000000E+00,1.292983E+03,0.000000E+00,9.116002E-02,0.000000E+00,9.801864E+02,0.000000E+00,6.913457E-02
Peak,3.401142E+03,3.946766E+04,1.737877E-01,3.433191E+00,6.315361E+03,2.843875E+04,3.262385E-01,2.472612E+00,1.256180E+04,3.084609E+04,6.431791E-01,2.698789E+00,5.400037E+03,9.655333E+03,2.751308E-01,8.447693E-01,3.571023E+03,8.953343E+03,1.819497E-01,7.833471E-01,5.436230E+03,9.651514E+03,2.769700E-01,8.444355E-01,3.570963E+03,9.755974E+03,1.819467E-01,8.535681E-01,3.153281E+03,7.094145E+03,1.616268E-01,6.206825E-01,2.133673E+03,7.740358E+03,1.094015E-01,6.772148E-01,3.210811E+03,7.165258E+03,1.645914E-01,6.269044E-01,2.133675E+03,8.075746E+03,1.094017E-01,7.065580E-01,3.909308E+03,8.478507E+03,2.005586E-01,7.418048E-01,2.621865E+03,8.697097E+03,1.345336E-01,7.609241E-01,3.951858E+03,8.533367E+03,2.027488E-01,7.466048E-01,2.621848E+03,9.001190E+03,1.345327E-01,7.875294E-01

Peak Vol Flow (m3/s),,,1.450084E-01,2.864654E+00,,,2.722133E-01,2.063147E+00,,,5.366686E-01,2.251869E+00,,,2.295691E-01,7.048754E-01,,,1.518188E-01,6.536247E-01,,,2.311038E-01,7.045969E-01,,,1.518163E-01,7.122172E-01,,,1.348614E-01,5.178974E-01,,,9.128462E-02,5.650680E-01,,,1.373350E-01,5.230890E-01,,,9.128473E-02,5.895519E-01,,,1.673461E-01,6.189619E-01,,,1.122548E-01,6.349150E-01,,,1.691735E-01,6.229670E-01,,,1.122541E-01,6.571145E-01
